{"DATA":[{"ID":"DBVERSION","FINT":"50","FFLOAT":"0.000","FSTR":"","FBLOB":""},{"ID":"EDATABASEDOWNLOADED","FINT":"0","FFLOAT":"0.000","FSTR":"Обновление базы данных блюд скачано и установлено.","FBLOB":""},{"ID":"EDATABASEDOWNLOADED1000056","FINT":"0","FFLOAT":"0.000","FSTR":"Database of dishes was downloaded and installed succesfully.","FBLOB":""},{"ID":"EDATABASEDOWNLOADED1000071","FINT":"0","FFLOAT":"0.000","FSTR":"Оновлення бази даних страв завантажено і встановлено.","FBLOB":""},{"ID":"EDATABASEDOWNLOADED1000090","FINT":"0","FFLOAT":"0.000","FSTR":"Datenbank der Gerichte wurde heruntergeladen und installiert.","FBLOB":""},{"ID":"EDATABASEDOWNLOADED1000091","FINT":"0","FFLOAT":"0.000","FSTR":"Base de données des plats a été téléchargé et installé avec succès.","FBLOB":""},{"ID":"EDOWNLOADDATABASE","FINT":"0","FFLOAT":"0.000","FSTR":"Скачать обновление базы данных блюд","FBLOB":""},{"ID":"EDOWNLOADDATABASE1000056","FINT":"0","FFLOAT":"0.000","FSTR":"Download update for dishes database","FBLOB":""},{"ID":"EDOWNLOADDATABASE1000071","FINT":"0","FFLOAT":"0.000","FSTR":"Завантажити оновлення бази даних страв","FBLOB":""},{"ID":"EDOWNLOADDATABASE1000090","FINT":"0","FFLOAT":"0.000","FSTR":"Herunterladen Update für Gerichte Datenbank","FBLOB":""},{"ID":"EDOWNLOADDATABASE1000091","FINT":"0","FFLOAT":"0.000","FSTR":"Mise à jour de téléchargement de la base de plats","FBLOB":""},{"ID":"EDOWNLOADIMAGES","FINT":"0","FFLOAT":"0.000","FSTR":"Обновить фотографии блюд с сайта","FBLOB":""},{"ID":"EDOWNLOADIMAGES1000056","FINT":"0","FFLOAT":"0.000","FSTR":"Update pictures of dishes.","FBLOB":""},{"ID":"EDOWNLOADIMAGES1000071","FINT":"0","FFLOAT":"0.000","FSTR":"Оновити з сайту фотографії страв","FBLOB":""},{"ID":"EDOWNLOADIMAGES1000090","FINT":"0","FFLOAT":"0.000","FSTR":"Aktualisieren Sie Bilder von Speisen.","FBLOB":""},{"ID":"EDOWNLOADIMAGES1000091","FINT":"0","FFLOAT":"0.000","FSTR":"Mettre à jour le site des photos de plats.","FBLOB":""},{"ID":"EINTERNERNOTCONNECTED","FINT":"0","FFLOAT":"0.000","FSTR":"Нет подключения к Internet.","FBLOB":""},{"ID":"EINTERNERNOTCONNECTED1000056","FINT":"0","FFLOAT":"0.000","FSTR":"Internet is not connected.","FBLOB":""},{"ID":"EINTERNERNOTCONNECTED1000071","FINT":"0","FFLOAT":"0.000","FSTR":"Інтернет не підключений.","FBLOB":""},{"ID":"EINTERNERNOTCONNECTED1000090","FINT":"0","FFLOAT":"0.000","FSTR":"Internet ist nicht angeschlossen.","FBLOB":""},{"ID":"EINTERNERNOTCONNECTED1000091","FINT":"0","FFLOAT":"0.000","FSTR":"Internet est pas connecté.","FBLOB":""},{"ID":"EINTERNETANSWER","FINT":"0","FFLOAT":"0.000","FSTR":"Ответ сервера: ","FBLOB":""},{"ID":"EINTERNETANSWER1000056","FINT":"0","FFLOAT":"0.000","FSTR":"Server Response:","FBLOB":""},{"ID":"EINTERNETANSWER1000071","FINT":"0","FFLOAT":"0.000","FSTR":"Відповідь сервера:","FBLOB":""},{"ID":"EINTERNETANSWER1000090","FINT":"0","FFLOAT":"0.000","FSTR":"Serverantwort :","FBLOB":""},{"ID":"EINTERNETANSWER1000091","FINT":"0","FFLOAT":"0.000","FSTR":"
Réponse du serveur:","FBLOB":""},{"ID":"EINTERNETANSWERINVALID","FINT":"0","FFLOAT":"0.000","FSTR":"Сервер венул недопустимый формат данных.","FBLOB":""},{"ID":"EINTERNETANSWERINVALID1000056","FINT":"0","FFLOAT":"0.000","FSTR":"The server returned an invalid data format.","FBLOB":""},{"ID":"EINTERNETANSWERINVALID1000071","FINT":"0","FFLOAT":"0.000","FSTR":"Сервер повернув неприпустимий формат даних.","FBLOB":""},{"ID":"EINTERNETANSWERINVALID1000090","FINT":"0","FFLOAT":"0.000","FSTR":"Der Server lieferte eine ungültige Datenformat.","FBLOB":""},{"ID":"EINTERNETANSWERINVALID1000091","FINT":"0","FFLOAT":"0.000","FSTR":"Le serveur a renvoyé un format de données non valide.","FBLOB":""},{"ID":"EINTERNETNOANSWER","FINT":"0","FFLOAT":"0.000","FSTR":"Сервер не отвечает.","FBLOB":""},{"ID":"EINTERNETNOANSWER1000056","FINT":"0","FFLOAT":"0.000","FSTR":"
The server is not responding.","FBLOB":""},{"ID":"EINTERNETNOANSWER1000071","FINT":"0","FFLOAT":"0.000","FSTR":"Сервер не відповідає.","FBLOB":""},{"ID":"EINTERNETNOANSWER1000090","FINT":"0","FFLOAT":"0.000","FSTR":"Der Server antwortet nicht.","FBLOB":""},{"ID":"EINTERNETNOANSWER1000091","FINT":"0","FFLOAT":"0.000","FSTR":"
Le serveur ne répond pas.","FBLOB":""},{"ID":"EINVALIDQUANT","FINT":"0","FFLOAT":"0.000","FSTR":"Неверно введено количество порций.","FBLOB":""},{"ID":"EINVALIDQUANT1000056","FINT":"0","FFLOAT":"0.000","FSTR":"Incorrectly entered number of portions.","FBLOB":""},{"ID":"EINVALIDQUANT1000071","FINT":"0","FFLOAT":"0.000","FSTR":"Невірно введено кількість порцій.","FBLOB":""},{"ID":"EINVALIDQUANT1000090","FINT":"0","FFLOAT":"0.000","FSTR":"Falsch Anzahl der Portionen eingetragen.","FBLOB":""},{"ID":"EINVALIDQUANT1000091","FINT":"0","FFLOAT":"0.000","FSTR":"Incorrectement nombre de portions entré.","FBLOB":""},{"ID":"ENTADDR","FINT":"0","FFLOAT":"0.000","FSTR":"84301, г.Краматорск, ул.Шкадинова, д.-34","FBLOB":""},{"ID":"ENTADDR1000056","FINT":"0","FFLOAT":"0.000","FSTR":"ulitsa Shkadinoff  h.-34, Kramatorsk, Donetsk region, Ukraine, 84301","FBLOB":""},{"ID":"ENTADDR1000071","FINT":"0","FFLOAT":"0.000","FSTR":"84301, м.Краматорськ, вул.Шкадiнова, б.-34","FBLOB":""},{"ID":"ENTADDR1000090","FINT":"0","FFLOAT":"0.000","FSTR":"Shkadinov-straße, Haus-34, Kramatorsk, Ukraine, 84301","FBLOB":""},{"ID":"ENTADDR1000091","FINT":"0","FFLOAT":"0.000","FSTR":"34 rue Shkadinova, ville Kramatorsk, 84301 La région de Donetsk","FBLOB":""},{"ID":"ENTEMAIL","FINT":"0","FFLOAT":"0.000","FSTR":"davinci.co.ua@gmail.com","FBLOB":""},{"ID":"ENTNAME","FINT":"0","FFLOAT":"0.000","FSTR":"Da Vinci","FBLOB":""},{"ID":"ENTNAMETYPE","FINT":"0","FFLOAT":"0.000","FSTR":"кафе","FBLOB":""},{"ID":"ENTNAMETYPE1000056","FINT":"0","FFLOAT":"0.000","FSTR":"cafe","FBLOB":""},{"ID":"ENTNAMETYPE1000071","FINT":"0","FFLOAT":"0.000","FSTR":"кав'ярня","FBLOB":""},{"ID":"ENTNAMETYPE1000090","FINT":"0","FFLOAT":"0.000","FSTR":"das Cafe","FBLOB":""},{"ID":"ENTNAMETYPE1000091","FINT":"0","FFLOAT":"0.000","FSTR":"le Café","FBLOB":""},{"ID":"ENTPHONES","FINT":"0","FFLOAT":"0.000","FSTR":"+38(066)811-64-94; +38(06264)30-4-30","FBLOB":""},{"ID":"EORDERNEWNUMBER","FINT":"0","FFLOAT":"0.000","FSTR":"Заказу присвоен номер","FBLOB":""},{"ID":"EORDERNEWNUMBER1000056","FINT":"0","FFLOAT":"0.000","FSTR":"Order number assigned","FBLOB":""},{"ID":"EORDERNEWNUMBER1000071","FINT":"0","FFLOAT":"0.000","FSTR":"Замовленню присвоєно номер","FBLOB":""},{"ID":"EORDERNEWNUMBER1000090","FINT":"0","FFLOAT":"0.000","FSTR":"Bestellnummer zugewiesen","FBLOB":""},{"ID":"EORDERNEWNUMBER1000091","FINT":"0","FFLOAT":"0.000","FSTR":"Numéro de commande affecté","FBLOB":""},{"ID":"EORDERNOTSENDED","FINT":"0","FFLOAT":"0.000","FSTR":"Не удалось отправить заказ.","FBLOB":""},{"ID":"EORDERNOTSENDED1000056","FINT":"0","FFLOAT":"0.000","FSTR":"The order is not sended.","FBLOB":""},{"ID":"EORDERNOTSENDED1000071","FINT":"0","FFLOAT":"0.000","FSTR":"Замовлення не відправлено.","FBLOB":""},{"ID":"EORDERNOTSENDED1000090","FINT":"0","FFLOAT":"0.000","FSTR":"Reservierung wird nicht ausgeliefert.","FBLOB":""},{"ID":"EORDERNOTSENDED1000091","FINT":"0","FFLOAT":"0.000","FSTR":"Réservation n'a pas été livré.","FBLOB":""},{"ID":"EORDERSENDEDSUCCESFULLY","FINT":"0","FFLOAT":"0.000","FSTR":"Заказ успешно отправлен.","FBLOB":""},{"ID":"EORDERSENDEDSUCCESFULLY1000056","FINT":"0","FFLOAT":"0.000","FSTR":"The order has been sent successfully.","FBLOB":""},{"ID":"EORDERSENDEDSUCCESFULLY1000071","FINT":"0","FFLOAT":"0.000","FSTR":"
Замовлення успішно відправлено.","FBLOB":""},{"ID":"EORDERSENDEDSUCCESFULLY1000090","FINT":"0","FFLOAT":"0.000","FSTR":"Reservierung wurde gesendet.","FBLOB":""},{"ID":"EORDERSENDEDSUCCESFULLY1000091","FINT":"0","FFLOAT":"0.000","FSTR":"Réservation a été envoyée.","FBLOB":""},{"ID":"EORDERWASSEND","FINT":"0","FFLOAT":"0.000","FSTR":"Этот заказ уже отправлен.","FBLOB":""},{"ID":"EORDERWASSEND1000056","FINT":"0","FFLOAT":"0.000","FSTR":"This order has been sended before.","FBLOB":""},{"ID":"EORDERWASSEND1000071","FINT":"0","FFLOAT":"0.000","FSTR":"Це замовлення вже відправлено.","FBLOB":""},{"ID":"EORDERWASSEND1000090","FINT":"0","FFLOAT":"0.000","FSTR":"Reservierung versendet worden ist.","FBLOB":""},{"ID":"EORDERWASSEND1000091","FINT":"0","FFLOAT":"0.000","FSTR":"Cette Réservation a été expédiée.","FBLOB":""},{"ID":"EORDERWASSENDNOQUANT","FINT":"0","FFLOAT":"0.000","FSTR":"Не могу отправить пустой заказ, Вы ничего не выбрали в электронном меню!","FBLOB":""},{"ID":"EORDERWASSENDNOQUANT1000056","FINT":"0","FFLOAT":"0.000","FSTR":"I can not send an empty order, nothing is chosen in the electronic menu!","FBLOB":""},{"ID":"EORDERWASSENDNOQUANT1000071","FINT":"0","FFLOAT":"0.000","FSTR":"Не можу відправити порожнє замовлення, Ви нічого не вибрали в електронному меню!","FBLOB":""},{"ID":"EORDERWASSENDNOQUANT1000090","FINT":"0","FFLOAT":"0.000","FSTR":"Ich kann nicht eine leere Reservierung, nichts ist im elektronischen Menü gewählt!","FBLOB":""},{"ID":"EORDERWASSENDNOQUANT1000091","FINT":"0","FFLOAT":"0.000","FSTR":"Je ne peux pas envoyer une Réservation vide, rien est choisi dans le menu électronique!","FBLOB":""},{"ID":"ETMCIMAGESDOWNLOADED","FINT":"0","FFLOAT":"0.000","FSTR":"Фотографии блюд обновлены. Перейдите в обзор блюд и Вы увидите новые фотографии.","FBLOB":""},{"ID":"ETMCIMAGESDOWNLOADED1000056","FINT":"0","FFLOAT":"0.000","FSTR":"Photos of dishes updated. Go to the overview of the dishes and you'll see new photos.","FBLOB":""},{"ID":"ETMCIMAGESDOWNLOADED1000071","FINT":"0","FFLOAT":"0.000","FSTR":"Фотографії страв оновлені. Перейдіть в огляд страв і Ви побачите нові фотографії.","FBLOB":""},{"ID":"ETMCIMAGESDOWNLOADED1000090","FINT":"0","FFLOAT":"0.000","FSTR":"Fotos von Gerichten aktualisiert. Gehen Sie auf die Übersicht über die Gerichte und Sie werden neue Bilder zu sehen.","FBLOB":""},{"ID":"ETMCIMAGESDOWNLOADED1000091","FINT":"0","FFLOAT":"0.000","FSTR":"
Photos de plats mis à jour. Allez à la liste des plats et vous verrez de nouvelles photos.","FBLOB":""},{"ID":"EUSERNOTREGISTERED","FINT":"0","FFLOAT":"0.000","FSTR":"Не удалось зарегистрироваться в системе.","FBLOB":""},{"ID":"EUSERNOTREGISTERED1000056","FINT":"0","FFLOAT":"0.000","FSTR":"Failed to register in the system.","FBLOB":""},{"ID":"EUSERNOTREGISTERED1000071","FINT":"0","FFLOAT":"0.000","FSTR":"не вдалося зареєструватися в системі.","FBLOB":""},{"ID":"EUSERNOTREGISTERED1000090","FINT":"0","FFLOAT":"0.000","FSTR":"Scheiterte im System anzumelden.","FBLOB":""},{"ID":"EUSERNOTREGISTERED1000091","FINT":"0","FFLOAT":"0.000","FSTR":"Impossible d'enregistrer dans le système.","FBLOB":""},{"ID":"EUSERNOTREGISTEREDTOORDER","FINT":"0","FFLOAT":"0.000","FSTR":"Не удается отправить заказ, пользователь не зарегистрирован! Пожалуйста, зарегистрируйтесь в системе для того, чтобы иметь возможность отправлять заказы.","FBLOB":""},{"ID":"EUSERNOTREGISTEREDTOORDER1000056","FINT":"0","FFLOAT":"0.000","FSTR":"You can not send an order, the user is not registered! Please register in system to be able to send orders.","FBLOB":""},{"ID":"EUSERNOTREGISTEREDTOORDER1000071","FINT":"0","FFLOAT":"0.000","FSTR":"Неможливо відправити замовлення, користувач не зареєстрований! Будь ласка, зареєструйтесь в системі для того, щоб мати можливість відправляти замовлення.","FBLOB":""},{"ID":"EUSERNOTREGISTEREDTOORDER1000090","FINT":"0","FFLOAT":"0.000","FSTR":"Sie können einen Reservierung senden, wird der Benutzer nicht registriert! Bitte registrieren Sie sich, um in der Lage sein, Reservierung zu senden.","FBLOB":""},{"ID":"EUSERNOTREGISTEREDTOORDER1000091","FINT":"0","FFLOAT":"0.000","FSTR":"Vous ne pouvez pas envoyer une Réservation, l'utilisateur n'a pas enregistré! S'il vous plaît vous inscrire afin d'être en mesure d'envoyer des Réservations.","FBLOB":""},{"ID":"EUSERPASSWORDNOTCONFIRMED","FINT":"0","FFLOAT":"0.000","FSTR":"Введенный пароль не равен подтверждению!","FBLOB":""},{"ID":"EUSERPASSWORDNOTCONFIRMED1000056","FINT":"0","FFLOAT":"0.000","FSTR":"The password you entered is not equal to the confirmation!","FBLOB":""},{"ID":"EUSERPASSWORDNOTCONFIRMED1000071","FINT":"0","FFLOAT":"0.000","FSTR":"Введений пароль НЕ дорівнює підтвердженню!","FBLOB":""},{"ID":"EUSERPASSWORDNOTCONFIRMED1000090","FINT":"0","FFLOAT":"0.000","FSTR":"Das eingegebene Passwort ist auf die Bestätigung nicht gleich!","FBLOB":""},{"ID":"EUSERPASSWORDNOTCONFIRMED1000091","FINT":"0","FFLOAT":"0.000","FSTR":"Le mot de passe que vous avez saisi ne correspond pas à la confirmation!","FBLOB":""},{"ID":"EUSERPASSWORDNOTENTERED","FINT":"0","FFLOAT":"0.000","FSTR":"Не введен пароль для пользователя!","FBLOB":""},{"ID":"EUSERPASSWORDNOTENTERED1000056","FINT":"0","FFLOAT":"0.000","FSTR":"The password for the user is not entered!","FBLOB":""},{"ID":"EUSERPASSWORDNOTENTERED1000071","FINT":"0","FFLOAT":"0.000","FSTR":"Нне введений пароль для користувача!","FBLOB":""},{"ID":"EUSERPASSWORDNOTENTERED1000090","FINT":"0","FFLOAT":"0.000","FSTR":"Legen das Passwort nicht für den Benutzer!","FBLOB":""},{"ID":"EUSERPASSWORDNOTENTERED1000091","FINT":"0","FFLOAT":"0.000","FSTR":"Ne pas mettre le mot de passe pour l'utilisateur!","FBLOB":""},{"ID":"EUSERREGISTEREDSUCCESFULLY","FINT":"0","FFLOAT":"0.000","FSTR":"Регистрация успешно завершена.","FBLOB":""},{"ID":"EUSERREGISTEREDSUCCESFULLY1000056","FINT":"0","FFLOAT":"0.000","FSTR":"
Registration successfully completed.","FBLOB":""},{"ID":"EUSERREGISTEREDSUCCESFULLY1000071","FINT":"0","FFLOAT":"0.000","FSTR":"Реєстрація успішно завершена.","FBLOB":""},{"ID":"EUSERREGISTEREDSUCCESFULLY1000090","FINT":"0","FFLOAT":"0.000","FSTR":"
Registrierung erfolgreich abgeschlossen.","FBLOB":""},{"ID":"EUSERREGISTEREDSUCCESFULLY1000091","FINT":"0","FFLOAT":"0.000","FSTR":"Enregistrement effectué avec succès.","FBLOB":""},{"ID":"EUSERYOUSHOULDTOCONNECT","FINT":"0","FFLOAT":"0.000","FSTR":"Подключитесь к сети Internet для регистрации или обновления пользовательской информации.","FBLOB":""},{"ID":"EUSERYOUSHOULDTOCONNECT1000056","FINT":"0","FFLOAT":"0.000","FSTR":"You should to connect to the Internet to register or update user information.","FBLOB":""},{"ID":"EUSERYOUSHOULDTOCONNECT1000071","FINT":"0","FFLOAT":"0.000","FSTR":"
Підключіться до мережі Internet для реєстрації або поновлення інформації користувача.","FBLOB":""},{"ID":"EUSERYOUSHOULDTOCONNECT1000090","FINT":"0","FFLOAT":"0.000","FSTR":"Sie sollten mit dem Internet zu registrieren oder zu aktualisieren, Benutzerinformationen zu verbinden.","FBLOB":""},{"ID":"EUSERYOUSHOULDTOCONNECT1000091","FINT":"0","FFLOAT":"0.000","FSTR":"Vous devez se connecter à Internet pour enregistrer ou mettre à jour les informations utilisateur.","FBLOB":""},{"ID":"IMAGESVERSION","FINT":"2","FFLOAT":"0.000","FSTR":"","FBLOB":""},{"ID":"PAGE01BG","FINT":"0","FFLOAT":"0.000","FSTR":"images/bg/bg0016.jpg","FBLOB":""},{"ID":"PAGE01HINT","FINT":"0","FFLOAT":"0.000","FSTR":"","FBLOB":""},{"ID":"PAGE01ICON","FINT":"0","FFLOAT":"0.000","FSTR":"","FBLOB":""},{"ID":"PAGE01NAME","FINT":"0","FFLOAT":"0.000","FSTR":"Главная","FBLOB":""},{"ID":"PAGE01NAME1000056","FINT":"0","FFLOAT":"0.000","FSTR":"Home","FBLOB":""},{"ID":"PAGE01NAME1000071","FINT":"0","FFLOAT":"0.000","FSTR":"Додому","FBLOB":""},{"ID":"PAGE01NAME1000090","FINT":"0","FFLOAT":"0.000","FSTR":"Startseite","FBLOB":""},{"ID":"PAGE01NAME1000091","FINT":"0","FFLOAT":"0.000","FSTR":"Maison","FBLOB":""},{"ID":"PAGE01NEWS","FINT":"1","FFLOAT":"0.000","FSTR":"","FBLOB":""},{"ID":"PAGE01NEWSCOUNT","FINT":"3","FFLOAT":"0.000","FSTR":"","FBLOB":""},{"ID":"PAGE01TOPSALES","FINT":"0","FFLOAT":"0.000","FSTR":"","FBLOB":""},{"ID":"PAGE02BG","FINT":"0","FFLOAT":"0.000","FSTR":"images/bg/bg0016.jpg","FBLOB":""},{"ID":"PAGE02HINT","FINT":"0","FFLOAT":"0.000","FSTR":"","FBLOB":""},{"ID":"PAGE02ICON","FINT":"0","FFLOAT":"0.000","FSTR":"","FBLOB":""},{"ID":"PAGE02NAME","FINT":"0","FFLOAT":"0.000","FSTR":"Меню","FBLOB":""},{"ID":"PAGE02NAME1000056","FINT":"0","FFLOAT":"0.000","FSTR":"Menu","FBLOB":""},{"ID":"PAGE02NAME1000071","FINT":"0","FFLOAT":"0.000","FSTR":"Меню","FBLOB":""},{"ID":"PAGE02NAME1000090","FINT":"0","FFLOAT":"0.000","FSTR":"Menü","FBLOB":""},{"ID":"PAGE02NAME1000091","FINT":"0","FFLOAT":"0.000","FSTR":"Menu","FBLOB":""},{"ID":"PAGE03BG","FINT":"0","FFLOAT":"0.000","FSTR":"images/bg/bg0016.jpg","FBLOB":""},{"ID":"PAGE03HINT","FINT":"0","FFLOAT":"0.000","FSTR":"","FBLOB":""},{"ID":"PAGE03ICON","FINT":"0","FFLOAT":"0.000","FSTR":"images/erp/menucart0032.png","FBLOB":""},{"ID":"PAGE03NAME","FINT":"0","FFLOAT":"0.000","FSTR":"Корзина","FBLOB":""},{"ID":"PAGE03NAME1000056","FINT":"0","FFLOAT":"0.000","FSTR":"Cart","FBLOB":""},{"ID":"PAGE03NAME1000071","FINT":"0","FFLOAT":"0.000","FSTR":"Кошик","FBLOB":""},{"ID":"PAGE03NAME1000090","FINT":"0","FFLOAT":"0.000","FSTR":"Wagen","FBLOB":""},{"ID":"PAGE03NAME1000091","FINT":"0","FFLOAT":"0.000","FSTR":"Panier","FBLOB":""},{"ID":"PAGE04BG","FINT":"0","FFLOAT":"0.000","FSTR":"images/bg/bg0015.jpg","FBLOB":""},{"ID":"PAGE04COUNTNEWS","FINT":"5","FFLOAT":"0.000","FSTR":"","FBLOB":""},{"ID":"PAGE04HINT","FINT":"0","FFLOAT":"0.000","FSTR":"","FBLOB":""},{"ID":"PAGE04ICON","FINT":"0","FFLOAT":"0.000","FSTR":"","FBLOB":""},{"ID":"PAGE04NAME","FINT":"0","FFLOAT":"0.000","FSTR":"Блог","FBLOB":""},{"ID":"PAGE04NAME1000056","FINT":"0","FFLOAT":"0.000","FSTR":"Blog","FBLOB":""},{"ID":"PAGE04NAME1000071","FINT":"0","FFLOAT":"0.000","FSTR":"Блог","FBLOB":""},{"ID":"PAGE04NAME1000090","FINT":"0","FFLOAT":"0.000","FSTR":"Blog","FBLOB":""},{"ID":"PAGE04NAME1000091","FINT":"0","FFLOAT":"0.000","FSTR":"Blogue","FBLOB":""},{"ID":"PAGE05BG","FINT":"0","FFLOAT":"0.000","FSTR":"images/bg/bg0018.jpg","FBLOB":""},{"ID":"PAGE05HINT","FINT":"0","FFLOAT":"0.000","FSTR":"","FBLOB":""},{"ID":"PAGE05ICON","FINT":"0","FFLOAT":"0.000","FSTR":"","FBLOB":""},{"ID":"PAGE05NAME","FINT":"0","FFLOAT":"0.000","FSTR":"Фото","FBLOB":""},{"ID":"PAGE05NAME1000056","FINT":"0","FFLOAT":"0.000","FSTR":"Photo","FBLOB":""},{"ID":"PAGE05NAME1000071","FINT":"0","FFLOAT":"0.000","FSTR":"Фото","FBLOB":""},{"ID":"PAGE05NAME1000090","FINT":"0","FFLOAT":"0.000","FSTR":"Bild","FBLOB":""},{"ID":"PAGE05NAME1000091","FINT":"0","FFLOAT":"0.000","FSTR":"Photo","FBLOB":""},{"ID":"PAGE06BG","FINT":"0","FFLOAT":"0.000","FSTR":"images/bg/bg0001.jpg","FBLOB":""},{"ID":"PAGE06HINT","FINT":"0","FFLOAT":"0.000","FSTR":"","FBLOB":""},{"ID":"PAGE06ICON","FINT":"0","FFLOAT":"0.000","FSTR":"","FBLOB":""},{"ID":"PAGE06NAME","FINT":"0","FFLOAT":"0.000","FSTR":"Контакты","FBLOB":""},{"ID":"PAGE06NAME1000056","FINT":"0","FFLOAT":"0.000","FSTR":"Contacts","FBLOB":""},{"ID":"PAGE06NAME1000071","FINT":"0","FFLOAT":"0.000","FSTR":"Контакти","FBLOB":""},{"ID":"PAGE06NAME1000090","FINT":"0","FFLOAT":"0.000","FSTR":"Kontakt","FBLOB":""},{"ID":"PAGE06NAME1000091","FINT":"0","FFLOAT":"0.000","FSTR":"Contacts","FBLOB":""},{"ID":"PAGEC_CONSTHINT","FINT":"0","FFLOAT":"0.000","FSTR":"Константы и настройки системы","FBLOB":""},{"ID":"PAGEC_CONSTICON","FINT":"0","FFLOAT":"0.000","FSTR":"images/erp/c_const0032.png","FBLOB":""},{"ID":"PAGEJOURNALHINT","FINT":"0","FFLOAT":"0.000","FSTR":"Журналы документов","FBLOB":""},{"ID":"PAGEJOURNALICON","FINT":"0","FFLOAT":"0.000","FSTR":"images/erp/j0032.png","FBLOB":""},{"ID":"PAGERPTHINT","FINT":"0","FFLOAT":"0.000","FSTR":"Отчёты","FBLOB":""},{"ID":"PAGERPTICON","FINT":"0","FFLOAT":"0.000","FSTR":"images/erp/rpt0032.png","FBLOB":""},{"ID":"PAGER_REFERENCESHINT","FINT":"0","FFLOAT":"0.000","FSTR":"Справочники","FBLOB":""},{"ID":"PAGER_REFERENCESICON","FINT":"0","FFLOAT":"0.000","FSTR":"images/erp/r0032.png","FBLOB":""},{"ID":"PAGEW_USERSHINT","FINT":"0","FFLOAT":"0.000","FSTR":"Управление пользователями системы","FBLOB":""},{"ID":"PAGEW_USERSICON","FINT":"0","FFLOAT":"0.000","FSTR":"images/erp/w_users0032.png","FBLOB":""},{"ID":"TEXTASKCLR","FINT":"0","FFLOAT":"0.000","FSTR":"Удалить все записи?","FBLOB":""},{"ID":"TEXTASKCLRHINT","FINT":"0","FFLOAT":"0.000","FSTR":"Процедура удалит все записи. <br> Данное действие не может быть отменено.","FBLOB":""},{"ID":"TEXTASKDEL","FINT":"0","FFLOAT":"0.000","FSTR":"Удалить запись?","FBLOB":""},{"ID":"TEXTBTNACTIONS","FINT":"0","FFLOAT":"0.000","FSTR":"Доступные действия","FBLOB":""},{"ID":"TEXTBTNADD","FINT":"0","FFLOAT":"0.000","FSTR":"Добавить","FBLOB":""},{"ID":"TEXTBTNADD1000056","FINT":"0","FFLOAT":"0.000","FSTR":"Add","FBLOB":""},{"ID":"TEXTBTNADD1000071","FINT":"0","FFLOAT":"0.000","FSTR":"Додати","FBLOB":""},{"ID":"TEXTBTNADD1000090","FINT":"0","FFLOAT":"0.000","FSTR":"Addieren","FBLOB":""},{"ID":"TEXTBTNADD1000091","FINT":"0","FFLOAT":"0.000","FSTR":"Ajouter","FBLOB":""},{"ID":"TEXTBTNAPPLY","FINT":"0","FFLOAT":"0.000","FSTR":"Применить","FBLOB":""},{"ID":"TEXTBTNAPPLY1000056","FINT":"0","FFLOAT":"0.000","FSTR":"Apply","FBLOB":""},{"ID":"TEXTBTNAPPLY1000071","FINT":"0","FFLOAT":"0.000","FSTR":"Застосувати","FBLOB":""},{"ID":"TEXTBTNAPPLY1000090","FINT":"0","FFLOAT":"0.000","FSTR":"Bewerben","FBLOB":""},{"ID":"TEXTBTNAPPLY1000091","FINT":"0","FFLOAT":"0.000","FSTR":"Appliquer","FBLOB":""},{"ID":"TEXTBTNCANCEL","FINT":"0","FFLOAT":"0.000","FSTR":"Отмена","FBLOB":""},{"ID":"TEXTBTNCANCEL1000056","FINT":"0","FFLOAT":"0.000","FSTR":"Cancel","FBLOB":""},{"ID":"TEXTBTNCANCEL1000071","FINT":"0","FFLOAT":"0.000","FSTR":"Відмінити","FBLOB":""},{"ID":"TEXTBTNCANCEL1000090","FINT":"0","FFLOAT":"0.000","FSTR":"Absagen","FBLOB":""},{"ID":"TEXTBTNCANCEL1000091","FINT":"0","FFLOAT":"0.000","FSTR":"Annuler","FBLOB":""},{"ID":"TEXTBTNCHANGEHINT","FINT":"0","FFLOAT":"0.000","FSTR":"нажмите здесь, чтобы изменить количество","FBLOB":""},{"ID":"TEXTBTNCHANGEHINT1000056","FINT":"0","FFLOAT":"0.000","FSTR":"press here to change","FBLOB":""},{"ID":"TEXTBTNCHANGEHINT1000071","FINT":"0","FFLOAT":"0.000","FSTR":"натисніть тут, щоб змінити кількість","FBLOB":""},{"ID":"TEXTBTNCHANGEHINT1000090","FINT":"0","FFLOAT":"0.000","FSTR":"Drücken Sie hier, zu ändern","FBLOB":""},{"ID":"TEXTBTNCHANGEHINT1000091","FINT":"0","FFLOAT":"0.000","FSTR":"cliquez ici pour changer","FBLOB":""},{"ID":"TEXTBTNCLR","FINT":"0","FFLOAT":"0.000","FSTR":"Удалить всё","FBLOB":""},{"ID":"TEXTBTNCLR1000056","FINT":"0","FFLOAT":"0.000","FSTR":"Clear","FBLOB":""},{"ID":"TEXTBTNCLR1000071","FINT":"0","FFLOAT":"0.000","FSTR":"Видалити усе","FBLOB":""},{"ID":"TEXTBTNCLR1000090","FINT":"0","FFLOAT":"0.000","FSTR":"Klar","FBLOB":""},{"ID":"TEXTBTNCLR1000091","FINT":"0","FFLOAT":"0.000","FSTR":"Clair","FBLOB":""},{"ID":"TEXTBTNCONTINUE","FINT":"0","FFLOAT":"0.000","FSTR":"Продолжить","FBLOB":""},{"ID":"TEXTBTNCONTINUE1000056","FINT":"0","FFLOAT":"0.000","FSTR":"Continue","FBLOB":""},{"ID":"TEXTBTNCONTINUE1000071","FINT":"0","FFLOAT":"0.000","FSTR":"Продовжити","FBLOB":""},{"ID":"TEXTBTNCONTINUE1000090","FINT":"0","FFLOAT":"0.000","FSTR":"Fortsetzen","FBLOB":""},{"ID":"TEXTBTNCONTINUE1000091","FINT":"0","FFLOAT":"0.000","FSTR":"Continue","FBLOB":""},{"ID":"TEXTBTNDEL","FINT":"0","FFLOAT":"0.000","FSTR":"Удалить","FBLOB":""},{"ID":"TEXTBTNDEL1000056","FINT":"0","FFLOAT":"0.000","FSTR":"Delete","FBLOB":""},{"ID":"TEXTBTNDEL1000071","FINT":"0","FFLOAT":"0.000","FSTR":"Видалити","FBLOB":""},{"ID":"TEXTBTNDEL1000090","FINT":"0","FFLOAT":"0.000","FSTR":"Löschen","FBLOB":""},{"ID":"TEXTBTNDEL1000091","FINT":"0","FFLOAT":"0.000","FSTR":"Effacer","FBLOB":""},{"ID":"TEXTBTNINS","FINT":"0","FFLOAT":"0.000","FSTR":"Добавить","FBLOB":""},{"ID":"TEXTBTNINS1000056","FINT":"0","FFLOAT":"0.000","FSTR":"Insert","FBLOB":""},{"ID":"TEXTBTNINS1000071","FINT":"0","FFLOAT":"0.000","FSTR":"Додати","FBLOB":""},{"ID":"TEXTBTNINS1000090","FINT":"0","FFLOAT":"0.000","FSTR":"Addieren","FBLOB":""},{"ID":"TEXTBTNINS1000091","FINT":"0","FFLOAT":"0.000","FSTR":"Insérer","FBLOB":""},{"ID":"TEXTBTNLOGIN","FINT":"0","FFLOAT":"0.000","FSTR":"Войти","FBLOB":""},{"ID":"TEXTBTNLOGIN1000056","FINT":"0","FFLOAT":"0.000","FSTR":"Login","FBLOB":""},{"ID":"TEXTBTNLOGIN1000071","FINT":"0","FFLOAT":"0.000","FSTR":"Увійти","FBLOB":""},{"ID":"TEXTBTNLOGIN1000090","FINT":"0","FFLOAT":"0.000","FSTR":"Einloggen","FBLOB":""},{"ID":"TEXTBTNLOGIN1000091","FINT":"0","FFLOAT":"0.000","FSTR":"S'identifier","FBLOB":""},{"ID":"TEXTBTNMORE","FINT":"0","FFLOAT":"0.000","FSTR":"Подробнее","FBLOB":""},{"ID":"TEXTBTNMORE1000056","FINT":"0","FFLOAT":"0.000","FSTR":"More","FBLOB":""},{"ID":"TEXTBTNMORE1000071","FINT":"0","FFLOAT":"0.000","FSTR":"Більше","FBLOB":""},{"ID":"TEXTBTNMORE1000090","FINT":"0","FFLOAT":"0.000","FSTR":"Mehr","FBLOB":""},{"ID":"TEXTBTNMORE1000091","FINT":"0","FFLOAT":"0.000","FSTR":"Plus","FBLOB":""},{"ID":"TEXTBTNORDER","FINT":"0","FFLOAT":"0.000","FSTR":"заказать","FBLOB":""},{"ID":"TEXTBTNORDER1000056","FINT":"0","FFLOAT":"0.000","FSTR":"order","FBLOB":""},{"ID":"TEXTBTNORDER1000071","FINT":"0","FFLOAT":"0.000","FSTR":"Замовити","FBLOB":""},{"ID":"TEXTBTNORDER1000090","FINT":"0","FFLOAT":"0.000","FSTR":"Auftrag","FBLOB":""},{"ID":"TEXTBTNORDER1000091","FINT":"0","FFLOAT":"0.000","FSTR":"Ordonner","FBLOB":""},{"ID":"TEXTBTNREGISTER","FINT":"0","FFLOAT":"0.000","FSTR":"Регистрация","FBLOB":""},{"ID":"TEXTBTNREGISTER1000056","FINT":"0","FFLOAT":"0.000","FSTR":"Register","FBLOB":""},{"ID":"TEXTBTNREGISTER1000071","FINT":"0","FFLOAT":"0.000","FSTR":"Реєстрація","FBLOB":""},{"ID":"TEXTBTNREGISTER1000090","FINT":"0","FFLOAT":"0.000","FSTR":"Neu registrieren","FBLOB":""},{"ID":"TEXTBTNREGISTER1000091","FINT":"0","FFLOAT":"0.000","FSTR":"Registre","FBLOB":""},{"ID":"TEXTBTNRESET","FINT":"0","FFLOAT":"0.000","FSTR":"Очистить","FBLOB":""},{"ID":"TEXTBTNRESET1000056","FINT":"0","FFLOAT":"0.000","FSTR":"Reset","FBLOB":""},{"ID":"TEXTBTNRESET1000071","FINT":"0","FFLOAT":"0.000","FSTR":"Очистити","FBLOB":""},{"ID":"TEXTBTNRESET1000090","FINT":"0","FFLOAT":"0.000","FSTR":"Zurucksetzen","FBLOB":""},{"ID":"TEXTBTNRESET1000091","FINT":"0","FFLOAT":"0.000","FSTR":"Réinitialiser","FBLOB":""},{"ID":"TEXTBTNSEARCH","FINT":"0","FFLOAT":"0.000","FSTR":"Поиск","FBLOB":""},{"ID":"TEXTBTNSEARCH1000056","FINT":"0","FFLOAT":"0.000","FSTR":"Search","FBLOB":""},{"ID":"TEXTBTNSEARCH1000071","FINT":"0","FFLOAT":"0.000","FSTR":"Шукати","FBLOB":""},{"ID":"TEXTBTNSEARCH1000090","FINT":"0","FFLOAT":"0.000","FSTR":"Suche","FBLOB":""},{"ID":"TEXTBTNSEARCH1000091","FINT":"0","FFLOAT":"0.000","FSTR":"Chercher","FBLOB":""},{"ID":"TEXTBTNUPD","FINT":"0","FFLOAT":"0.000","FSTR":"Изменить","FBLOB":""},{"ID":"TEXTBTNUPD1000056","FINT":"0","FFLOAT":"0.000","FSTR":"Update","FBLOB":""},{"ID":"TEXTBTNUPD1000071","FINT":"0","FFLOAT":"0.000","FSTR":"Оновити","FBLOB":""},{"ID":"TEXTBTNUPD1000090","FINT":"0","FFLOAT":"0.000","FSTR":"Aktualisieren","FBLOB":""},{"ID":"TEXTBTNUPD1000091","FINT":"0","FFLOAT":"0.000","FSTR":"Réactualiser","FBLOB":""},{"ID":"TEXTCOMENTADD","FINT":"0","FFLOAT":"0.000","FSTR":"Добавить комментарий","FBLOB":""},{"ID":"TEXTCOMENTADD1000056","FINT":"0","FFLOAT":"0.000","FSTR":"Add comment","FBLOB":""},{"ID":"TEXTCOMENTADD1000071","FINT":"0","FFLOAT":"0.000","FSTR":"Додати коментар","FBLOB":""},{"ID":"TEXTCOMENTADD1000090","FINT":"0","FFLOAT":"0.000","FSTR":"Einen Kommentar hinzufugen","FBLOB":""},{"ID":"TEXTCOMENTADD1000091","FINT":"0","FFLOAT":"0.000","FSTR":"Ajouter un commentaire","FBLOB":""},{"ID":"TEXTCOMENTLOGINTO","FINT":"0","FFLOAT":"0.000","FSTR":"Войдите в систему, чтобы иметь возможность оставлять коментарии.","FBLOB":""},{"ID":"TEXTCOMENTS","FINT":"0","FFLOAT":"0.000","FSTR":"комментарии","FBLOB":""},{"ID":"TEXTCOMENTS1000056","FINT":"0","FFLOAT":"0.000","FSTR":"Comments","FBLOB":""},{"ID":"TEXTCOMENTS1000071","FINT":"0","FFLOAT":"0.000","FSTR":"Коментарі","FBLOB":""},{"ID":"TEXTCOMENTS1000090","FINT":"0","FFLOAT":"0.000","FSTR":"Kommentare","FBLOB":""},{"ID":"TEXTCOMENTS1000091","FINT":"0","FFLOAT":"0.000","FSTR":"Commentaires","FBLOB":""},{"ID":"TEXTCOMENTSHEADER","FINT":"0","FFLOAT":"0.000","FSTR":"Комментарии","FBLOB":""},{"ID":"TEXTCOMENTSHEADER1000056","FINT":"0","FFLOAT":"0.000","FSTR":"Comments","FBLOB":""},{"ID":"TEXTCOMENTSHEADER1000071","FINT":"0","FFLOAT":"0.000","FSTR":"коментарі","FBLOB":""},{"ID":"TEXTCOMENTSHEADER1000090","FINT":"0","FFLOAT":"0.000","FSTR":"Kommentare","FBLOB":""},{"ID":"TEXTCOMENTSHEADER1000091","FINT":"0","FFLOAT":"0.000","FSTR":"Commentaires","FBLOB":""},{"ID":"TEXTDISHESFROMCHEF","FINT":"0","FFLOAT":"0.000","FSTR":"Блюда от шефа","FBLOB":""},{"ID":"TEXTENTADDR","FINT":"0","FFLOAT":"0.000","FSTR":"Адрес","FBLOB":""},{"ID":"TEXTENTEMAIL","FINT":"0","FFLOAT":"0.000","FSTR":"Почта","FBLOB":""},{"ID":"TEXTENTPATH","FINT":"0","FFLOAT":"0.000","FSTR":"Наши координаты","FBLOB":""},{"ID":"TEXTERPUSERS","FINT":"0","FFLOAT":"0.000","FSTR":"Пользователи","FBLOB":""},{"ID":"TEXTERRORNORIGHTS","FINT":"0","FFLOAT":"0.000","FSTR":"Недостаточно прав для выполнения операции","FBLOB":""},{"ID":"TEXTGREETING","FINT":"0","FFLOAT":"0.000","FSTR":"","FBLOB":"<p>Посетив наше кафе, Вы окунетесь в мир уюта и комфорта. К каждому гостю мы найдем особый подход. Профессиональная команда поваров порадует Вас изысканной кухней. Вежливые и внимательные официанты порекомендуют блюда, ориентируясь на Ваши вкусовые предпочтения.</p>

<p>Вы хотите праздника? Коллектив кафе 'Да Винчи' поможет организовать юбилеи, корпоративы, романтический ужин, детский праздник.</p>

<p>Мы всегда рады видеть Вас у нас в гостях!</p>"},{"ID":"TEXTGREETING1000056","FINT":"0","FFLOAT":"0.000","FSTR":"","FBLOB":"<p>By visiting our coffee shop, you will plunge into the world of comfort and convenience. For each guest we will find a special approach. The professional team of chefs will delight you with exquisite cuisine. The friendly and attentive waiters recommend the dishes, focusing on your taste preferences.</p>

<p>You want a party? The team of cafe 'Da Vinci' helps you organize anniversaries, corporate parties, romantic dinner, children's holiday.</p>

<p>We are always glad to see you visiting us!</p>
"},{"ID":"TEXTGREETING1000071","FINT":"0","FFLOAT":"0.000","FSTR":"","FBLOB":"<p>Відвідавши нашу кав'ярню, ви поринете в світ комфорту і зручності. Для кожного гостя ми знайдемо особливий підхід. Професійна команда кухарів буде радувати вас вишуканою кухнею. Привітні й уважні офіціанти рекомендують страви, орієнтуючись на ваші смакові переваги.</p>

<p>Ви бажаєте свята? Команда кав'ярні 'Да Вінчі' допоможе Вам організувати ювілеї, корпоративні вечірки, романтичну вечерю, дитяче свято.</p>

<p>Ми завжди раді бачити Вас у нас в гостях!</p>"},{"ID":"TEXTGREETING1000090","FINT":"0","FFLOAT":"0.000","FSTR":"","FBLOB":"<p>Durch unsere Coffee-Shop besuchen, werden Sie in die Welt von Komfort und Bequemlichkeit stürzen. Für jeden Gast werden wir einen besonderen Ansatz finden. Das professionelle Küchenteam wird Sie mit exquisiter Küche begeistern . Die freundlichen und aufmerksamen Kellner empfehlen die Gerichte, auf Ihre geschmacklichen Vorlieben konzentrieren.</p>

<p>Sie wollen eine Party? Das Team von Café 'Da Vinci' hilft Ihnen, Jubiläen, Firmenfeiern , romantische Abendessen, Kinderfeste organisieren.</p>

<p>Wir sind immer froh, dass Sie sich entscheiden, uns zu sehen!</p>"},{"ID":"TEXTGREETING1000091","FINT":"0","FFLOAT":"0.000","FSTR":"","FBLOB":"<p>En visitant notre café, vous plonger dans le monde de confort et de commodité. Pour chaque client, nous allons trouver une approche particulière. L'équipe de chefs professionnels saura vous séduire par une cuisine exquise. Les serveurs amicaux et attentifs recommandent les plats, en se concentrant sur vos préférences gustatives.</p>

<p>Vous voulez un parti? L'équipe du café 'Da Vinci' vous aide à organiser les anniversaires, fêtes d'entreprise, dîner romantique, une fête d'enfant.</p>

<p>Nous sommes toujours heureux de vous voir nous rendre visite!</p>"},{"ID":"TEXTGREETINGHEADER","FINT":"0","FFLOAT":"0.000","FSTR":"Добро пожаловать в кафе Da Vinci","FBLOB":""},{"ID":"TEXTGREETINGHEADER1000056","FINT":"0","FFLOAT":"0.000","FSTR":"Welcome to сafe Da Vinci","FBLOB":""},{"ID":"TEXTGREETINGHEADER1000071","FINT":"0","FFLOAT":"0.000","FSTR":"Ласкаво просимо до кафе Da Vinci","FBLOB":""},{"ID":"TEXTGREETINGHEADER1000090","FINT":"0","FFLOAT":"0.000","FSTR":"Willkommen bei Cafe Da Vinci","FBLOB":""},{"ID":"TEXTGREETINGHEADER1000091","FINT":"0","FFLOAT":"0.000","FSTR":"Bienvenue au Café Da Vinci","FBLOB":""},{"ID":"TEXTINFOAPPMENU","FINT":"0","FFLOAT":"0.000","FSTR":"Наши приложения","FBLOB":""},{"ID":"TEXTINFOAPPMENU1000056","FINT":"0","FFLOAT":"0.000","FSTR":"Install our apps","FBLOB":""},{"ID":"TEXTINFOAPPMENU1000071","FINT":"0","FFLOAT":"0.000","FSTR":"Електронне меню","FBLOB":""},{"ID":"TEXTINFOAPPMENU1000090","FINT":"0","FFLOAT":"0.000","FSTR":"Installieren unsere App","FBLOB":""},{"ID":"TEXTINFOAPPMENU1000091","FINT":"0","FFLOAT":"0.000","FSTR":"Installez vos applications","FBLOB":""},{"ID":"TEXTINFOWORK","FINT":"0","FFLOAT":"0.000","FSTR":"<span>Ежедневно</span><br>11:00 - 23:00","FBLOB":""},{"ID":"TEXTINFOWORK1000056","FINT":"0","FFLOAT":"0.000","FSTR":"<span>Daily</span><br>11:00am - 11:00pm","FBLOB":""},{"ID":"TEXTINFOWORK1000071","FINT":"0","FFLOAT":"0.000","FSTR":"<span>Щодня</span><br>з 11:00 до 23:00","FBLOB":""},{"ID":"TEXTINFOWORK1000090","FINT":"0","FFLOAT":"0.000","FSTR":"<span>Täglich</span><br>11:00 - 23:00","FBLOB":""},{"ID":"TEXTINFOWORK1000091","FINT":"0","FFLOAT":"0.000","FSTR":"<span>Tous les jours</span><br>11h00 - 23h00","FBLOB":""},{"ID":"TEXTINFOWORKHEADER","FINT":"0","FFLOAT":"0.000","FSTR":"Время работы","FBLOB":""},{"ID":"TEXTINFOWORKHEADER1000056","FINT":"0","FFLOAT":"0.000","FSTR":"Working hours","FBLOB":""},{"ID":"TEXTINFOWORKHEADER1000071","FINT":"0","FFLOAT":"0.000","FSTR":"Ми працюємо","FBLOB":""},{"ID":"TEXTINFOWORKHEADER1000090","FINT":"0","FFLOAT":"0.000","FSTR":"Arbeitszeit","FBLOB":""},{"ID":"TEXTINFOWORKHEADER1000091","FINT":"0","FFLOAT":"0.000","FSTR":"Heures de travail","FBLOB":""},{"ID":"TEXTINPUTQUANT","FINT":"0","FFLOAT":"0.000","FSTR":"Введите требуемое количество порций","FBLOB":""},{"ID":"TEXTINPUTQUANT1000056","FINT":"0","FFLOAT":"0.000","FSTR":"Enter the desired number of servings","FBLOB":""},{"ID":"TEXTINPUTQUANT1000071","FINT":"0","FFLOAT":"0.000","FSTR":"Введіть необхідну кількість порцій","FBLOB":""},{"ID":"TEXTINPUTQUANT1000090","FINT":"0","FFLOAT":"0.000","FSTR":"Geben Sie die gewünschte Anzahl der Portionen","FBLOB":""},{"ID":"TEXTINPUTQUANT1000091","FINT":"0","FFLOAT":"0.000","FSTR":"Entrez le nombre souhaité de portions","FBLOB":""},{"ID":"TEXTLOGINAUTHHEADER","FINT":"0","FFLOAT":"0.000","FSTR":"Войти в Личный кабинет","FBLOB":""},{"ID":"TEXTLOGINFORCOMENT","FINT":"0","FFLOAT":"0.000","FSTR":"Только зарегистрированные пользователи могут оставлять комментарии.","FBLOB":""},{"ID":"TEXTLOGINGOTOPROFILE","FINT":"0","FFLOAT":"0.000","FSTR":"Перейти в профиль пользователя","FBLOB":""},{"ID":"TEXTLOGINHELP","FINT":"0","FFLOAT":"0.000","FSTR":"","FBLOB":"Для осуществления заказов online, пожалуйста войдите в систему или зарегистрируйтесь."},{"ID":"TEXTLOGINLOGINPWD","FINT":"0","FFLOAT":"0.000","FSTR":"Пароль","FBLOB":""},{"ID":"TEXTLOGINLOGINPWD1000056","FINT":"0","FFLOAT":"0.000","FSTR":"Password","FBLOB":""},{"ID":"TEXTLOGINLOGINPWD1000071","FINT":"0","FFLOAT":"0.000","FSTR":"Пароль","FBLOB":""},{"ID":"TEXTLOGINLOGINPWD1000090","FINT":"0","FFLOAT":"0.000","FSTR":"Passwort","FBLOB":""},{"ID":"TEXTLOGINLOGINPWD1000091","FINT":"0","FFLOAT":"0.000","FSTR":"Mot de passe","FBLOB":""},{"ID":"TEXTLOGINLOGINUSER","FINT":"0","FFLOAT":"0.000","FSTR":"E-mail","FBLOB":""},{"ID":"TEXTLOGINNET","FINT":"0","FFLOAT":"0.000","FSTR":"Вы можете войти через социальную сеть","FBLOB":""},{"ID":"TEXTLOGINNET1000056","FINT":"0","FFLOAT":"0.000","FSTR":"Login throuth social network","FBLOB":""},{"ID":"TEXTLOGINNET1000071","FINT":"0","FFLOAT":"0.000","FSTR":"Увійти через соціяльну мережу","FBLOB":""},{"ID":"TEXTLOGINNET1000090","FINT":"0","FFLOAT":"0.000","FSTR":"Einloggen durch soziale Netzwerk","FBLOB":""},{"ID":"TEXTLOGINNET1000091","FINT":"0","FFLOAT":"0.000","FSTR":"Connectez-vous à travers le réseau social","FBLOB":""},{"ID":"TEXTLOGINPLEASE","FINT":"0","FFLOAT":"0.000","FSTR":"Войдите, пожалуйста","FBLOB":""},{"ID":"TEXTLOGINPLEASE1000056","FINT":"0","FFLOAT":"0.000","FSTR":"Login, please","FBLOB":""},{"ID":"TEXTLOGINPLEASE1000071","FINT":"0","FFLOAT":"0.000","FSTR":"Увійдіть, будь ласка","FBLOB":""},{"ID":"TEXTLOGINPLEASE1000090","FINT":"0","FFLOAT":"0.000","FSTR":"Loggen Sie bitte","FBLOB":""},{"ID":"TEXTLOGINPLEASE1000091","FINT":"0","FFLOAT":"0.000","FSTR":"Connectez, s'il vous plaît","FBLOB":""},{"ID":"TEXTLOGINREGISTER","FINT":"0","FFLOAT":"0.000","FSTR":"","FBLOB":"Создание учетной записи поможет покупать быстрее. Вы сможете контролировать состояние заказа, а также просматривать заказы сделанные ранее. Вы сможете накапливать призовые баллы и получать скидочные купоны. А постоянным покупателям мы предлагаем гибкую систему скидок и персональное обслуживание."},{"ID":"TEXTLOGINREGISTERHEADER","FINT":"0","FFLOAT":"0.000","FSTR":"Регистрация","FBLOB":""},{"ID":"TEXTLOGINREGISTERHEADER1000056","FINT":"0","FFLOAT":"0.000","FSTR":"Registration","FBLOB":""},{"ID":"TEXTLOGINREGISTERHEADER1000071","FINT":"0","FFLOAT":"0.000","FSTR":"Реєстрація","FBLOB":""},{"ID":"TEXTLOGINREGISTERHEADER1000090","FINT":"0","FFLOAT":"0.000","FSTR":"Registrierung","FBLOB":""},{"ID":"TEXTLOGINREGISTERHEADER1000091","FINT":"0","FFLOAT":"0.000","FSTR":"Enregistrement","FBLOB":""},{"ID":"TEXTLOGINREGNET","FINT":"0","FFLOAT":"0.000","FSTR":"Зарегистрироваться через социальную сеть","FBLOB":""},{"ID":"TEXTLOGINREGNET1000056","FINT":"0","FFLOAT":"0.000","FSTR":"Register throuth social network","FBLOB":""},{"ID":"TEXTLOGINREGNET1000071","FINT":"0","FFLOAT":"0.000","FSTR":"Зареєструватися через соціяльну мережу","FBLOB":""},{"ID":"TEXTLOGINREGNET1000090","FINT":"0","FFLOAT":"0.000","FSTR":"Durch soziale Netzwerk zu registrieren","FBLOB":""},{"ID":"TEXTLOGINREGNET1000091","FINT":"0","FFLOAT":"0.000","FSTR":"Inscrire via réseau social","FBLOB":""},{"ID":"TEXTLOGINUSER","FINT":"0","FFLOAT":"0.000","FSTR":"Пользователь","FBLOB":""},{"ID":"TEXTLOGINUSER1000056","FINT":"0","FFLOAT":"0.000","FSTR":"User","FBLOB":""},{"ID":"TEXTLOGINUSER1000071","FINT":"0","FFLOAT":"0.000","FSTR":"Користувач","FBLOB":""},{"ID":"TEXTLOGINUSER1000090","FINT":"0","FFLOAT":"0.000","FSTR":"Benutzer","FBLOB":""},{"ID":"TEXTLOGINUSER1000091","FINT":"0","FFLOAT":"0.000","FSTR":"Usager","FBLOB":""},{"ID":"TEXTLOGINUSERNEW","FINT":"0","FFLOAT":"0.000","FSTR":"Новый пользователь","FBLOB":""},{"ID":"TEXTLOGINUSERNEW1000056","FINT":"0","FFLOAT":"0.000","FSTR":"New user","FBLOB":""},{"ID":"TEXTLOGINUSERNEW1000071","FINT":"0","FFLOAT":"0.000","FSTR":"Новий користувач","FBLOB":""},{"ID":"TEXTLOGINUSERNEW1000090","FINT":"0","FFLOAT":"0.000","FSTR":"Neuer Benutzer","FBLOB":""},{"ID":"TEXTLOGINUSERNEW1000091","FINT":"0","FFLOAT":"0.000","FSTR":"Nouvel usager","FBLOB":""},{"ID":"TEXTLOGINUSERREGISTERED","FINT":"0","FFLOAT":"0.000","FSTR":"Зарегистрированный пользователь","FBLOB":""},{"ID":"TEXTLOGINUSERREGISTERED1000056","FINT":"0","FFLOAT":"0.000","FSTR":"Registered user","FBLOB":""},{"ID":"TEXTLOGINUSERREGISTERED1000071","FINT":"0","FFLOAT":"0.000","FSTR":"Зареєстрований користувач","FBLOB":""},{"ID":"TEXTLOGINUSERREGISTERED1000090","FINT":"0","FFLOAT":"0.000","FSTR":"Registrierter Benutzer","FBLOB":""},{"ID":"TEXTLOGINUSERREGISTERED1000091","FINT":"0","FFLOAT":"0.000","FSTR":"Usager enregistré","FBLOB":""},{"ID":"TEXTLOGOUTFROM","FINT":"0","FFLOAT":"0.000","FSTR":"Выйти из системы","FBLOB":""},{"ID":"TEXTLOGOUTFROM1000056","FINT":"0","FFLOAT":"0.000","FSTR":"Logout","FBLOB":""},{"ID":"TEXTLOGOUTFROM1000071","FINT":"0","FFLOAT":"0.000","FSTR":"Вийти","FBLOB":""},{"ID":"TEXTLOGOUTFROM1000090","FINT":"0","FFLOAT":"0.000","FSTR":"Ausloggen","FBLOB":""},{"ID":"TEXTLOGOUTFROM1000091","FINT":"0","FFLOAT":"0.000","FSTR":"Se déconnecter","FBLOB":""},{"ID":"TEXTNEWS","FINT":"0","FFLOAT":"0.000","FSTR":"Новости","FBLOB":""},{"ID":"TEXTNEWSCOMENT","FINT":"0","FFLOAT":"0.000","FSTR":"Текст новости","FBLOB":""},{"ID":"TEXTNEWSDATE","FINT":"0","FFLOAT":"0.000","FSTR":"Дата публикации","FBLOB":""},{"ID":"TEXTNEWSFLAGDELETE","FINT":"0","FFLOAT":"0.000","FSTR":"Видимость новости для пользователей","FBLOB":""},{"ID":"TEXTNEWSIMG","FINT":"0","FFLOAT":"0.000","FSTR":"Картинка","FBLOB":""},{"ID":"TEXTNEWSNAME","FINT":"0","FFLOAT":"0.000","FSTR":"Заголовок новости","FBLOB":""},{"ID":"TEXTORDERCOMENT","FINT":"0","FFLOAT":"0.000","FSTR":"Примечания","FBLOB":""},{"ID":"TEXTORDERCOMENT1000056","FINT":"0","FFLOAT":"0.000","FSTR":"Comments","FBLOB":""},{"ID":"TEXTORDERCOMENT1000071","FINT":"0","FFLOAT":"0.000","FSTR":"Примітки","FBLOB":""},{"ID":"TEXTORDERCOMENT1000090","FINT":"0","FFLOAT":"0.000","FSTR":"Anmerkung","FBLOB":""},{"ID":"TEXTORDERCOMENT1000091","FINT":"0","FFLOAT":"0.000","FSTR":"Commentaires","FBLOB":""},{"ID":"TEXTORDERCURRENT","FINT":"0","FFLOAT":"0.000","FSTR":"Текущий заказ","FBLOB":""},{"ID":"TEXTORDERCURRENT1000056","FINT":"0","FFLOAT":"0.000","FSTR":"Current Order","FBLOB":""},{"ID":"TEXTORDERCURRENT1000071","FINT":"0","FFLOAT":"0.000","FSTR":"Поточне замовлення","FBLOB":""},{"ID":"TEXTORDERCURRENT1000090","FINT":"0","FFLOAT":"0.000","FSTR":"Aktuelle Reservierung","FBLOB":""},{"ID":"TEXTORDERCURRENT1000091","FINT":"0","FFLOAT":"0.000","FSTR":"Actuelle Réservation","FBLOB":""},{"ID":"TEXTORDERDATE","FINT":"0","FFLOAT":"0.000","FSTR":"Дата заказа","FBLOB":""},{"ID":"TEXTORDERDATE1000056","FINT":"0","FFLOAT":"0.000","FSTR":"Order's Date","FBLOB":""},{"ID":"TEXTORDERDATE1000071","FINT":"0","FFLOAT":"0.000","FSTR":"Дата замовлення","FBLOB":""},{"ID":"TEXTORDERDATE1000090","FINT":"0","FFLOAT":"0.000","FSTR":"Reservierungdate","FBLOB":""},{"ID":"TEXTORDERDATE1000091","FINT":"0","FFLOAT":"0.000","FSTR":"Réservation datte","FBLOB":""},{"ID":"TEXTORDERDATEFROM","FINT":"0","FFLOAT":"0.000","FSTR":"от","FBLOB":""},{"ID":"TEXTORDERDATEFROM1000056","FINT":"0","FFLOAT":"0.000","FSTR":"from","FBLOB":""},{"ID":"TEXTORDERDATEFROM1000071","FINT":"0","FFLOAT":"0.000","FSTR":"від","FBLOB":""},{"ID":"TEXTORDERDATEFROM1000090","FINT":"0","FFLOAT":"0.000","FSTR":"aus","FBLOB":""},{"ID":"TEXTORDERDATEFROM1000091","FINT":"0","FFLOAT":"0.000","FSTR":"de","FBLOB":""},{"ID":"TEXTORDERHISTORY","FINT":"0","FFLOAT":"0.000","FSTR":"История заказов","FBLOB":""},{"ID":"TEXTORDERHISTORY1000056","FINT":"0","FFLOAT":"0.000","FSTR":"Orders History","FBLOB":""},{"ID":"TEXTORDERHISTORY1000071","FINT":"0","FFLOAT":"0.000","FSTR":"Історія замовленнь","FBLOB":""},{"ID":"TEXTORDERHISTORY1000090","FINT":"0","FFLOAT":"0.000","FSTR":"Reservierung Verlauf","FBLOB":""},{"ID":"TEXTORDERHISTORY1000091","FINT":"0","FFLOAT":"0.000","FSTR":"Réservation histoire","FBLOB":""},{"ID":"TEXTORDERHISTORYCLEAR","FINT":"0","FFLOAT":"0.000","FSTR":"Очистить историю заказов","FBLOB":""},{"ID":"TEXTORDERHISTORYCLEAR1000056","FINT":"0","FFLOAT":"0.000","FSTR":"Clear History","FBLOB":""},{"ID":"TEXTORDERHISTORYCLEAR1000071","FINT":"0","FFLOAT":"0.000","FSTR":"Видалити історію замовленнь","FBLOB":""},{"ID":"TEXTORDERHISTORYCLEAR1000090","FINT":"0","FFLOAT":"0.000","FSTR":"Verlauf löschen Reservierung","FBLOB":""},{"ID":"TEXTORDERHISTORYCLEAR1000091","FINT":"0","FFLOAT":"0.000","FSTR":"Histoire claire","FBLOB":""},{"ID":"TEXTORDERNUMBER","FINT":"0","FFLOAT":"0.000","FSTR":"Номер заказа","FBLOB":""},{"ID":"TEXTORDERNUMBER1000056","FINT":"0","FFLOAT":"0.000","FSTR":"Order No","FBLOB":""},{"ID":"TEXTORDERNUMBER1000071","FINT":"0","FFLOAT":"0.000","FSTR":"Номер замовлення","FBLOB":""},{"ID":"TEXTORDERNUMBER1000090","FINT":"0","FFLOAT":"0.000","FSTR":"Reservierungnummer","FBLOB":""},{"ID":"TEXTORDERNUMBER1000091","FINT":"0","FFLOAT":"0.000","FSTR":"Réservation nombre","FBLOB":""},{"ID":"TEXTORDERS","FINT":"0","FFLOAT":"0.000","FSTR":"Ваши заказы","FBLOB":""},{"ID":"TEXTORDERS1000056","FINT":"0","FFLOAT":"0.000","FSTR":"Your orders","FBLOB":""},{"ID":"TEXTORDERS1000071","FINT":"0","FFLOAT":"0.000","FSTR":"Ваші замовлення","FBLOB":""},{"ID":"TEXTORDERS1000090","FINT":"0","FFLOAT":"0.000","FSTR":"Ihre Reservierung","FBLOB":""},{"ID":"TEXTORDERS1000091","FINT":"0","FFLOAT":"0.000","FSTR":"Vôtre réservation","FBLOB":""},{"ID":"TEXTORDERSEND","FINT":"0","FFLOAT":"0.000","FSTR":"Отправить заказ","FBLOB":""},{"ID":"TEXTORDERSEND1000056","FINT":"0","FFLOAT":"0.000","FSTR":"Send Order","FBLOB":""},{"ID":"TEXTORDERSEND1000071","FINT":"0","FFLOAT":"0.000","FSTR":"Відправити замовлення","FBLOB":""},{"ID":"TEXTORDERSEND1000090","FINT":"0","FFLOAT":"0.000","FSTR":"Schicken Sie einen Reservierung","FBLOB":""},{"ID":"TEXTORDERSEND1000091","FINT":"0","FFLOAT":"0.000","FSTR":"Envoyer Réservation","FBLOB":""},{"ID":"TEXTORDERSENDDONE","FINT":"0","FFLOAT":"0.000","FSTR":"Заказ отправлен","FBLOB":""},{"ID":"TEXTORDERSENDDONE1000056","FINT":"0","FFLOAT":"0.000","FSTR":"Order succesfully sended","FBLOB":""},{"ID":"TEXTORDERSENDDONE1000071","FINT":"0","FFLOAT":"0.000","FSTR":"Замовлення відправлено","FBLOB":""},{"ID":"TEXTORDERSENDDONE1000090","FINT":"0","FFLOAT":"0.000","FSTR":"Reservierung Sie erfolgreich gesendet","FBLOB":""},{"ID":"TEXTORDERSENDDONE1000091","FINT":"0","FFLOAT":"0.000","FSTR":"Réservation envoyer avec succès","FBLOB":""},{"ID":"TEXTORDERSENDNO","FINT":"0","FFLOAT":"0.000","FSTR":"заказ ещё не отправлен","FBLOB":""},{"ID":"TEXTORDERSENDNO1000056","FINT":"0","FFLOAT":"0.000","FSTR":"Your order not sended","FBLOB":""},{"ID":"TEXTORDERSENDNO1000071","FINT":"0","FFLOAT":"0.000","FSTR":"замовлення ще не відправлено","FBLOB":""},{"ID":"TEXTORDERSENDNO1000090","FINT":"0","FFLOAT":"0.000","FSTR":"Reservierung nicht gesendet","FBLOB":""},{"ID":"TEXTORDERSENDNO1000091","FINT":"0","FFLOAT":"0.000","FSTR":"Vôtre réservation pas été envoyée","FBLOB":""},{"ID":"TEXTORDERTOTAL","FINT":"0","FFLOAT":"0.000","FSTR":"Итого","FBLOB":""},{"ID":"TEXTORDERTOTAL1000056","FINT":"0","FFLOAT":"0.000","FSTR":"Total","FBLOB":""},{"ID":"TEXTORDERTOTAL1000071","FINT":"0","FFLOAT":"0.000","FSTR":"Всього","FBLOB":""},{"ID":"TEXTORDERTOTAL1000090","FINT":"0","FFLOAT":"0.000","FSTR":"Gesamtsumme","FBLOB":""},{"ID":"TEXTORDERTOTAL1000091","FINT":"0","FFLOAT":"0.000","FSTR":"Total","FBLOB":""},{"ID":"TEXTPHONES","FINT":"0","FFLOAT":"0.000","FSTR":"тел.","FBLOB":""},{"ID":"TEXTPHONES1000056","FINT":"0","FFLOAT":"0.000","FSTR":"phone","FBLOB":""},{"ID":"TEXTPHONES1000090","FINT":"0","FFLOAT":"0.000","FSTR":"Telefon","FBLOB":""},{"ID":"TEXTPHONES1000091","FINT":"0","FFLOAT":"0.000","FSTR":"téléphone","FBLOB":""},{"ID":"TEXTTEMCANALOGS","FINT":"0","FFLOAT":"0.000","FSTR":"Посмотрите ещё","FBLOB":""},{"ID":"TEXTTEMCANALOGS1000056","FINT":"0","FFLOAT":"0.000","FSTR":"Other dishes","FBLOB":""},{"ID":"TEXTTEMCANALOGS1000071","FINT":"0","FFLOAT":"0.000","FSTR":"Подивитися ще","FBLOB":""},{"ID":"TEXTTEMCANALOGS1000090","FINT":"0","FFLOAT":"0.000","FSTR":"weitere Mahlzeiten","FBLOB":""},{"ID":"TEXTTEMCANALOGS1000091","FINT":"0","FFLOAT":"0.000","FSTR":"Voir plus","FBLOB":""},{"ID":"TEXTTMCED","FINT":"0","FFLOAT":"0.000","FSTR":"Ед.изм.","FBLOB":""},{"ID":"TEXTTMCIMAGE1000056","FINT":"0","FFLOAT":"0.000","FSTR":"Product image","FBLOB":""},{"ID":"TEXTTMCIMAGE1000071","FINT":"0","FFLOAT":"0.000","FSTR":"Зображення товару","FBLOB":""},{"ID":"TEXTTMCIMAGE1000090","FINT":"0","FFLOAT":"0.000","FSTR":"Produktbild","FBLOB":""},{"ID":"TEXTTMCIMAGE1000091","FINT":"0","FFLOAT":"0.000","FSTR":"Image du produit","FBLOB":""},{"ID":"TEXTTMCINFO","FINT":"0","FFLOAT":"0.000","FSTR":"Информация о товаре","FBLOB":""},{"ID":"TEXTTMCINFO1000056","FINT":"0","FFLOAT":"0.000","FSTR":"Product information","FBLOB":""},{"ID":"TEXTTMCINFO1000071","FINT":"0","FFLOAT":"0.000","FSTR":"Інформація про товар","FBLOB":""},{"ID":"TEXTTMCINFO1000090","FINT":"0","FFLOAT":"0.000","FSTR":"Produktinformationen","FBLOB":""},{"ID":"TEXTTMCINFO1000091","FINT":"0","FFLOAT":"0.000","FSTR":"Informations sur le produit","FBLOB":""},{"ID":"TEXTTMCINGREDIENTS","FINT":"0","FFLOAT":"0.000","FSTR":"Состав","FBLOB":""},{"ID":"TEXTTMCINGREDIENTS1000056","FINT":"0","FFLOAT":"0.000","FSTR":"Ingredients","FBLOB":""},{"ID":"TEXTTMCINGREDIENTS1000071","FINT":"0","FFLOAT":"0.000","FSTR":"Склад","FBLOB":""},{"ID":"TEXTTMCINGREDIENTS1000090","FINT":"0","FFLOAT":"0.000","FSTR":"Zutaten","FBLOB":""},{"ID":"TEXTTMCINGREDIENTS1000091","FINT":"0","FFLOAT":"0.000","FSTR":"Ingrédients","FBLOB":""},{"ID":"TEXTTMCNAME","FINT":"0","FFLOAT":"0.000","FSTR":"Название","FBLOB":""},{"ID":"TEXTTMCNAME1000056","FINT":"0","FFLOAT":"0.000","FSTR":"Name","FBLOB":""},{"ID":"TEXTTMCNAME1000071","FINT":"0","FFLOAT":"0.000","FSTR":"Найменування","FBLOB":""},{"ID":"TEXTTMCNAME1000090","FINT":"0","FFLOAT":"0.000","FSTR":"Name","FBLOB":""},{"ID":"TEXTTMCNAME1000091","FINT":"0","FFLOAT":"0.000","FSTR":"Prénom","FBLOB":""},{"ID":"TEXTTMCPART","FINT":"0","FFLOAT":"0.000","FSTR":"Выход","FBLOB":""},{"ID":"TEXTTMCPART1000056","FINT":"0","FFLOAT":"0.000","FSTR":"Portion","FBLOB":""},{"ID":"TEXTTMCPART1000071","FINT":"0","FFLOAT":"0.000","FSTR":"Порція","FBLOB":""},{"ID":"TEXTTMCPART1000090","FINT":"0","FFLOAT":"0.000","FSTR":"Portion","FBLOB":""},{"ID":"TEXTTMCPART1000091","FINT":"0","FFLOAT":"0.000","FSTR":"Partie","FBLOB":""},{"ID":"TEXTTMCPART2","FINT":"0","FFLOAT":"0.000","FSTR":"Порция","FBLOB":""},{"ID":"TEXTTMCPART21000056","FINT":"0","FFLOAT":"0.000","FSTR":"Portion","FBLOB":""},{"ID":"TEXTTMCPART21000071","FINT":"0","FFLOAT":"0.000","FSTR":"Порція","FBLOB":""},{"ID":"TEXTTMCPART21000090","FINT":"0","FFLOAT":"0.000","FSTR":"Portion","FBLOB":""},{"ID":"TEXTTMCPART21000091","FINT":"0","FFLOAT":"0.000","FSTR":"Partie","FBLOB":""},{"ID":"TEXTTMCPRICE","FINT":"0","FFLOAT":"0.000","FSTR":"Цена","FBLOB":""},{"ID":"TEXTTMCPRICE1000056","FINT":"0","FFLOAT":"0.000","FSTR":"Price","FBLOB":""},{"ID":"TEXTTMCPRICE1000071","FINT":"0","FFLOAT":"0.000","FSTR":"Ціна","FBLOB":""},{"ID":"TEXTTMCPRICE1000090","FINT":"0","FFLOAT":"0.000","FSTR":"Preis","FBLOB":""},{"ID":"TEXTTMCPRICE1000091","FINT":"0","FFLOAT":"0.000","FSTR":"Prix","FBLOB":""},{"ID":"TEXTTMCQUANT","FINT":"0","FFLOAT":"0.000","FSTR":"кол.","FBLOB":""},{"ID":"TEXTTMCQUANT1000056","FINT":"0","FFLOAT":"0.000","FSTR":"Qty","FBLOB":""},{"ID":"TEXTTMCQUANT1000071","FINT":"0","FFLOAT":"0.000","FSTR":"кіл.","FBLOB":""},{"ID":"TEXTTMCQUANT1000090","FINT":"0","FFLOAT":"0.000","FSTR":"Anz.","FBLOB":""},{"ID":"TEXTTMCQUANT1000091","FINT":"0","FFLOAT":"0.000","FSTR":"Qty","FBLOB":""},{"ID":"TEXTTMCSUM","FINT":"0","FFLOAT":"0.000","FSTR":"Сумма","FBLOB":""},{"ID":"TEXTTMCSUM1000056","FINT":"0","FFLOAT":"0.000","FSTR":"Sum","FBLOB":""},{"ID":"TEXTTMCSUM1000071","FINT":"0","FFLOAT":"0.000","FSTR":"Сума","FBLOB":""},{"ID":"TEXTTMCSUM1000090","FINT":"0","FFLOAT":"0.000","FSTR":"Summe","FBLOB":""},{"ID":"TEXTTMCSUM1000091","FINT":"0","FFLOAT":"0.000","FSTR":"Somme","FBLOB":""},{"ID":"TEXTUSERBIRTHDATE","FINT":"0","FFLOAT":"0.000","FSTR":"Дата рождения","FBLOB":""},{"ID":"TEXTUSERBIRTHDATE1000056","FINT":"0","FFLOAT":"0.000","FSTR":"Birthdate","FBLOB":""},{"ID":"TEXTUSERBIRTHDATE1000071","FINT":"0","FFLOAT":"0.000","FSTR":"Дата народження","FBLOB":""},{"ID":"TEXTUSERBIRTHDATE1000090","FINT":"0","FFLOAT":"0.000","FSTR":"Geburtsdatum","FBLOB":""},{"ID":"TEXTUSERBIRTHDATE1000091","FINT":"0","FFLOAT":"0.000","FSTR":"Date d'anniversaire","FBLOB":""},{"ID":"TEXTUSERCITY","FINT":"0","FFLOAT":"0.000","FSTR":"Город","FBLOB":""},{"ID":"TEXTUSERCITY1000056","FINT":"0","FFLOAT":"0.000","FSTR":"City","FBLOB":""},{"ID":"TEXTUSERCITY1000071","FINT":"0","FFLOAT":"0.000","FSTR":"Місто","FBLOB":""},{"ID":"TEXTUSERCITY1000090","FINT":"0","FFLOAT":"0.000","FSTR":"
Stadt","FBLOB":""},{"ID":"TEXTUSERCITY1000091","FINT":"0","FFLOAT":"0.000","FSTR":"Ville","FBLOB":""},{"ID":"TEXTUSERCOUNTRY","FINT":"0","FFLOAT":"0.000","FSTR":"Страна","FBLOB":""},{"ID":"TEXTUSERCOUNTRY1000056","FINT":"0","FFLOAT":"0.000","FSTR":"Country","FBLOB":""},{"ID":"TEXTUSERCOUNTRY1000071","FINT":"0","FFLOAT":"0.000","FSTR":"Країна","FBLOB":""},{"ID":"TEXTUSERCOUNTRY1000090","FINT":"0","FFLOAT":"0.000","FSTR":"Land","FBLOB":""},{"ID":"TEXTUSERCOUNTRY1000091","FINT":"0","FFLOAT":"0.000","FSTR":"État","FBLOB":""},{"ID":"TEXTUSERCURRENT","FINT":"0","FFLOAT":"0.000","FSTR":"Вы вошли как","FBLOB":""},{"ID":"TEXTUSERCURRENT1000056","FINT":"0","FFLOAT":"0.000","FSTR":"You had login as","FBLOB":""},{"ID":"TEXTUSERCURRENT1000071","FINT":"0","FFLOAT":"0.000","FSTR":"Ви війшли до системи як","FBLOB":""},{"ID":"TEXTUSERCURRENT1000090","FINT":"0","FFLOAT":"0.000","FSTR":"Sie hatte anmelden wie","FBLOB":""},{"ID":"TEXTUSERCURRENT1000091","FINT":"0","FFLOAT":"0.000","FSTR":"Vous aviez vous connecter en tant","FBLOB":""},{"ID":"TEXTUSERFIRSTNAME","FINT":"0","FFLOAT":"0.000","FSTR":"Имя","FBLOB":""},{"ID":"TEXTUSERFIRSTNAME1000056","FINT":"0","FFLOAT":"0.000","FSTR":"Firstname","FBLOB":""},{"ID":"TEXTUSERFIRSTNAME1000071","FINT":"0","FFLOAT":"0.000","FSTR":"Им'я","FBLOB":""},{"ID":"TEXTUSERFIRSTNAME1000090","FINT":"0","FFLOAT":"0.000","FSTR":"Name","FBLOB":""},{"ID":"TEXTUSERFIRSTNAME1000091","FINT":"0","FFLOAT":"0.000","FSTR":"Prénom","FBLOB":""},{"ID":"TEXTUSERID","FINT":"0","FFLOAT":"0.000","FSTR":"E-Mail","FBLOB":""},{"ID":"TEXTUSERLASTNAME","FINT":"0","FFLOAT":"0.000","FSTR":"Фамилия","FBLOB":""},{"ID":"TEXTUSERLASTNAME1000056","FINT":"0","FFLOAT":"0.000","FSTR":"Last name","FBLOB":""},{"ID":"TEXTUSERLASTNAME1000071","FINT":"0","FFLOAT":"0.000","FSTR":"Прізвище","FBLOB":""},{"ID":"TEXTUSERLASTNAME1000090","FINT":"0","FFLOAT":"0.000","FSTR":"Nachname","FBLOB":""},{"ID":"TEXTUSERLASTNAME1000091","FINT":"0","FFLOAT":"0.000","FSTR":"Nom de famille","FBLOB":""},{"ID":"TEXTUSERPASSWORD","FINT":"0","FFLOAT":"0.000","FSTR":"Введите пароль","FBLOB":""},{"ID":"TEXTUSERPASSWORD1000056","FINT":"0","FFLOAT":"0.000","FSTR":"Password","FBLOB":""},{"ID":"TEXTUSERPASSWORD1000071","FINT":"0","FFLOAT":"0.000","FSTR":"Введіть пароль","FBLOB":""},{"ID":"TEXTUSERPASSWORD1000090","FINT":"0","FFLOAT":"0.000","FSTR":"das Passwort eingeben","FBLOB":""},{"ID":"TEXTUSERPASSWORD1000091","FINT":"0","FFLOAT":"0.000","FSTR":"Mot de passe","FBLOB":""},{"ID":"TEXTUSERPASSWORD2","FINT":"0","FFLOAT":"0.000","FSTR":"Повторите пароль","FBLOB":""},{"ID":"TEXTUSERPASSWORD21000056","FINT":"0","FFLOAT":"0.000","FSTR":"Confirm password","FBLOB":""},{"ID":"TEXTUSERPASSWORD21000071","FINT":"0","FFLOAT":"0.000","FSTR":"Повторіть пароль","FBLOB":""},{"ID":"TEXTUSERPASSWORD21000090","FINT":"0","FFLOAT":"0.000","FSTR":"Bestätige das Passwort","FBLOB":""},{"ID":"TEXTUSERPASSWORD21000091","FINT":"0","FFLOAT":"0.000","FSTR":"Confirmez le mot","FBLOB":""},{"ID":"TEXTUSERPHONE","FINT":"0","FFLOAT":"0.000","FSTR":"Контактный телефон","FBLOB":""},{"ID":"TEXTUSERPHONE1000056","FINT":"0","FFLOAT":"0.000","FSTR":"Contact number","FBLOB":""},{"ID":"TEXTUSERPHONE1000071","FINT":"0","FFLOAT":"0.000","FSTR":"Контактний телефон","FBLOB":""},{"ID":"TEXTUSERPHONE1000090","FINT":"0","FFLOAT":"0.000","FSTR":"Kontakt-Telefon","FBLOB":""},{"ID":"TEXTUSERPHONE1000091","FINT":"0","FFLOAT":"0.000","FSTR":"Numéro du contact","FBLOB":""},{"ID":"TEXTUSERPHOTO","FINT":"0","FFLOAT":"0.000","FSTR":"Аватарка","FBLOB":""},{"ID":"TEXTUSERPHOTOBIG","FINT":"0","FFLOAT":"0.000","FSTR":"Фотография","FBLOB":""},{"ID":"TEXTUSERPROFILE","FINT":"0","FFLOAT":"0.000","FSTR":"Профиль пользователя","FBLOB":""},{"ID":"TEXTUSERPROFILE1000056","FINT":"0","FFLOAT":"0.000","FSTR":"User profile","FBLOB":""},{"ID":"TEXTUSERPROFILE1000071","FINT":"0","FFLOAT":"0.000","FSTR":"Профіль користувача","FBLOB":""},{"ID":"TEXTUSERPROFILE1000090","FINT":"0","FFLOAT":"0.000","FSTR":"Benutzerprofil","FBLOB":""},{"ID":"TEXTUSERPROFILE1000091","FINT":"0","FFLOAT":"0.000","FSTR":"
Profil de l'utilisateur","FBLOB":""},{"ID":"TEXTUSERSEX","FINT":"0","FFLOAT":"0.000","FSTR":"Обращение","FBLOB":""},{"ID":"TEXTUSERSEX1000056","FINT":"0","FFLOAT":"0.000","FSTR":"Appeal","FBLOB":""},{"ID":"TEXTUSERSEX1000071","FINT":"0","FFLOAT":"0.000","FSTR":"Звернення","FBLOB":""},{"ID":"TEXTUSERSEX1000090","FINT":"0","FFLOAT":"0.000","FSTR":"Beschwerde","FBLOB":""},{"ID":"TEXTUSERSEX1000091","FINT":"0","FFLOAT":"0.000","FSTR":"Traitement","FBLOB":""}]}