{
  "DATA": [
    {
      "ID": "DBVERSION"
     ,"FINT": "1"
     ,"FFLOAT": "0.000"
     ,"FSTR": ""
     ,"FBLOB": ""
    }
   ,{
      "ID": "ENTADDR"
     ,"FINT": "0"
     ,"FFLOAT": "0.000"
     ,"FSTR": "84301, г.Краматорск, ул.Шкадинова, д.-34"
     ,"FBLOB": ""
    }
   ,{
      "ID": "ENTEMAIL"
     ,"FINT": "0"
     ,"FFLOAT": "0.000"
     ,"FSTR": "davinci.co.ua@gmail.com"
     ,"FBLOB": ""
    }
   ,{
      "ID": "ENTNAME"
     ,"FINT": "0"
     ,"FFLOAT": "0.000"
     ,"FSTR": "Da Vinci"
     ,"FBLOB": ""
    }
   ,{
      "ID": "ENTNAMETYPE"
     ,"FINT": "0"
     ,"FFLOAT": "0.000"
     ,"FSTR": "кафе"
     ,"FBLOB": ""
    }
   ,{
      "ID": "ENTPHONES"
     ,"FINT": "0"
     ,"FFLOAT": "0.000"
     ,"FSTR": "+38(066) 81-16-484; +38(06264) 30-4-30"
     ,"FBLOB": ""
    }
   ,{
      "ID": "PAGE01BG"
     ,"FINT": "0"
     ,"FFLOAT": "0.000"
     ,"FSTR": "images/bg/bg0016.jpg"
     ,"FBLOB": ""
    }
   ,{
      "ID": "PAGE01HINT"
     ,"FINT": "0"
     ,"FFLOAT": "0.000"
     ,"FSTR": ""
     ,"FBLOB": ""
    }
   ,{
      "ID": "PAGE01ICON"
     ,"FINT": "0"
     ,"FFLOAT": "0.000"
     ,"FSTR": ""
     ,"FBLOB": ""
    }
   ,{
      "ID": "PAGE01NAME"
     ,"FINT": "0"
     ,"FFLOAT": "0.000"
     ,"FSTR": "Главная"
     ,"FBLOB": ""
    }
   ,{
      "ID": "PAGE01NEWS"
     ,"FINT": "1"
     ,"FFLOAT": "0.000"
     ,"FSTR": ""
     ,"FBLOB": ""
    }
   ,{
      "ID": "PAGE01NEWSCOUNT"
     ,"FINT": "3"
     ,"FFLOAT": "0.000"
     ,"FSTR": ""
     ,"FBLOB": ""
    }
   ,{
      "ID": "PAGE01TOPSALES"
     ,"FINT": "1"
     ,"FFLOAT": "0.000"
     ,"FSTR": ""
     ,"FBLOB": ""
    }
   ,{
      "ID": "PAGE02BG"
     ,"FINT": "0"
     ,"FFLOAT": "0.000"
     ,"FSTR": "images/bg/bg0017.jpg"
     ,"FBLOB": ""
    }
   ,{
      "ID": "PAGE02HINT"
     ,"FINT": "0"
     ,"FFLOAT": "0.000"
     ,"FSTR": ""
     ,"FBLOB": ""
    }
   ,{
      "ID": "PAGE02ICON"
     ,"FINT": "0"
     ,"FFLOAT": "0.000"
     ,"FSTR": ""
     ,"FBLOB": ""
    }
   ,{
      "ID": "PAGE02NAME"
     ,"FINT": "0"
     ,"FFLOAT": "0.000"
     ,"FSTR": "Меню"
     ,"FBLOB": ""
    }
   ,{
      "ID": "PAGE03BG"
     ,"FINT": "0"
     ,"FFLOAT": "0.000"
     ,"FSTR": "images/bg/bg0016.jpg"
     ,"FBLOB": ""
    }
   ,{
      "ID": "PAGE03HINT"
     ,"FINT": "0"
     ,"FFLOAT": "0.000"
     ,"FSTR": ""
     ,"FBLOB": ""
    }
   ,{
      "ID": "PAGE03ICON"
     ,"FINT": "0"
     ,"FFLOAT": "0.000"
     ,"FSTR": ""
     ,"FBLOB": ""
    }
   ,{
      "ID": "PAGE03NAME"
     ,"FINT": "0"
     ,"FFLOAT": "0.000"
     ,"FSTR": "Заказ"
     ,"FBLOB": ""
    }
   ,{
      "ID": "PAGE04BG"
     ,"FINT": "0"
     ,"FFLOAT": "0.000"
     ,"FSTR": "images/bg/bg0015.jpg"
     ,"FBLOB": ""
    }
   ,{
      "ID": "PAGE04COUNTNEWS"
     ,"FINT": "5"
     ,"FFLOAT": "0.000"
     ,"FSTR": ""
     ,"FBLOB": ""
    }
   ,{
      "ID": "PAGE04HINT"
     ,"FINT": "0"
     ,"FFLOAT": "0.000"
     ,"FSTR": ""
     ,"FBLOB": ""
    }
   ,{
      "ID": "PAGE04ICON"
     ,"FINT": "0"
     ,"FFLOAT": "0.000"
     ,"FSTR": ""
     ,"FBLOB": ""
    }
   ,{
      "ID": "PAGE04NAME"
     ,"FINT": "0"
     ,"FFLOAT": "0.000"
     ,"FSTR": "Блог"
     ,"FBLOB": ""
    }
   ,{
      "ID": "PAGE05BG"
     ,"FINT": "0"
     ,"FFLOAT": "0.000"
     ,"FSTR": "images/bg/bg0018.jpg"
     ,"FBLOB": ""
    }
   ,{
      "ID": "PAGE05HINT"
     ,"FINT": "0"
     ,"FFLOAT": "0.000"
     ,"FSTR": ""
     ,"FBLOB": ""
    }
   ,{
      "ID": "PAGE05ICON"
     ,"FINT": "0"
     ,"FFLOAT": "0.000"
     ,"FSTR": ""
     ,"FBLOB": ""
    }
   ,{
      "ID": "PAGE05NAME"
     ,"FINT": "0"
     ,"FFLOAT": "0.000"
     ,"FSTR": "Фото"
     ,"FBLOB": ""
    }
   ,{
      "ID": "PAGE06BG"
     ,"FINT": "0"
     ,"FFLOAT": "0.000"
     ,"FSTR": "images/bg/bg0001.jpg"
     ,"FBLOB": ""
    }
   ,{
      "ID": "PAGE06HINT"
     ,"FINT": "0"
     ,"FFLOAT": "0.000"
     ,"FSTR": ""
     ,"FBLOB": ""
    }
   ,{
      "ID": "PAGE06ICON"
     ,"FINT": "0"
     ,"FFLOAT": "0.000"
     ,"FSTR": ""
     ,"FBLOB": ""
    }
   ,{
      "ID": "PAGE06NAME"
     ,"FINT": "0"
     ,"FFLOAT": "0.000"
     ,"FSTR": "Контакты"
     ,"FBLOB": ""
    }
   ,{
      "ID": "PAGE07HINT"
     ,"FINT": "0"
     ,"FFLOAT": "0.000"
     ,"FSTR": ""
     ,"FBLOB": ""
    }
   ,{
      "ID": "PAGE07ICON"
     ,"FINT": "0"
     ,"FFLOAT": "0.000"
     ,"FSTR": ""
     ,"FBLOB": ""
    }
   ,{
      "ID": "PAGE08HINT"
     ,"FINT": "0"
     ,"FFLOAT": "0.000"
     ,"FSTR": ""
     ,"FBLOB": ""
    }
   ,{
      "ID": "PAGE08ICON"
     ,"FINT": "0"
     ,"FFLOAT": "0.000"
     ,"FSTR": ""
     ,"FBLOB": ""
    }
   ,{
      "ID": "PAGE09HINT"
     ,"FINT": "0"
     ,"FFLOAT": "0.000"
     ,"FSTR": ""
     ,"FBLOB": ""
    }
   ,{
      "ID": "PAGE09ICON"
     ,"FINT": "0"
     ,"FFLOAT": "0.000"
     ,"FSTR": ""
     ,"FBLOB": ""
    }
   ,{
      "ID": "PAGE10HINT"
     ,"FINT": "0"
     ,"FFLOAT": "0.000"
     ,"FSTR": ""
     ,"FBLOB": ""
    }
   ,{
      "ID": "PAGE10ICON"
     ,"FINT": "0"
     ,"FFLOAT": "0.000"
     ,"FSTR": ""
     ,"FBLOB": ""
    }
   ,{
      "ID": "PAGE11HINT"
     ,"FINT": "0"
     ,"FFLOAT": "0.000"
     ,"FSTR": ""
     ,"FBLOB": ""
    }
   ,{
      "ID": "PAGE11ICON"
     ,"FINT": "0"
     ,"FFLOAT": "0.000"
     ,"FSTR": ""
     ,"FBLOB": ""
    }
   ,{
      "ID": "PAGE12HINT"
     ,"FINT": "0"
     ,"FFLOAT": "0.000"
     ,"FSTR": ""
     ,"FBLOB": ""
    }
   ,{
      "ID": "PAGE12ICON"
     ,"FINT": "0"
     ,"FFLOAT": "0.000"
     ,"FSTR": ""
     ,"FBLOB": ""
    }
   ,{
      "ID": "PAGE13HINT"
     ,"FINT": "0"
     ,"FFLOAT": "0.000"
     ,"FSTR": ""
     ,"FBLOB": ""
    }
   ,{
      "ID": "PAGE13ICON"
     ,"FINT": "0"
     ,"FFLOAT": "0.000"
     ,"FSTR": ""
     ,"FBLOB": ""
    }
   ,{
      "ID": "PAGE14HINT"
     ,"FINT": "0"
     ,"FFLOAT": "0.000"
     ,"FSTR": ""
     ,"FBLOB": ""
    }
   ,{
      "ID": "PAGE14ICON"
     ,"FINT": "0"
     ,"FFLOAT": "0.000"
     ,"FSTR": ""
     ,"FBLOB": ""
    }
   ,{
      "ID": "PAGE15HINT"
     ,"FINT": "0"
     ,"FFLOAT": "0.000"
     ,"FSTR": ""
     ,"FBLOB": ""
    }
   ,{
      "ID": "PAGE15ICON"
     ,"FINT": "0"
     ,"FFLOAT": "0.000"
     ,"FSTR": ""
     ,"FBLOB": ""
    }
   ,{
      "ID": "PAGE16HINT"
     ,"FINT": "0"
     ,"FFLOAT": "0.000"
     ,"FSTR": ""
     ,"FBLOB": ""
    }
   ,{
      "ID": "PAGE16ICON"
     ,"FINT": "0"
     ,"FFLOAT": "0.000"
     ,"FSTR": ""
     ,"FBLOB": ""
    }
   ,{
      "ID": "PAGE17HINT"
     ,"FINT": "0"
     ,"FFLOAT": "0.000"
     ,"FSTR": ""
     ,"FBLOB": ""
    }
   ,{
      "ID": "PAGE17ICON"
     ,"FINT": "0"
     ,"FFLOAT": "0.000"
     ,"FSTR": ""
     ,"FBLOB": ""
    }
   ,{
      "ID": "PAGE18HINT"
     ,"FINT": "0"
     ,"FFLOAT": "0.000"
     ,"FSTR": ""
     ,"FBLOB": ""
    }
   ,{
      "ID": "PAGE18ICON"
     ,"FINT": "0"
     ,"FFLOAT": "0.000"
     ,"FSTR": ""
     ,"FBLOB": ""
    }
   ,{
      "ID": "PAGE19HINT"
     ,"FINT": "0"
     ,"FFLOAT": "0.000"
     ,"FSTR": ""
     ,"FBLOB": ""
    }
   ,{
      "ID": "PAGE19ICON"
     ,"FINT": "0"
     ,"FFLOAT": "0.000"
     ,"FSTR": ""
     ,"FBLOB": ""
    }
   ,{
      "ID": "PAGE20HINT"
     ,"FINT": "0"
     ,"FFLOAT": "0.000"
     ,"FSTR": ""
     ,"FBLOB": ""
    }
   ,{
      "ID": "PAGE20ICON"
     ,"FINT": "0"
     ,"FFLOAT": "0.000"
     ,"FSTR": ""
     ,"FBLOB": ""
    }
   ,{
      "ID": "PAGEC_CONSTHINT"
     ,"FINT": "0"
     ,"FFLOAT": "0.000"
     ,"FSTR": "Константы и настройки системы"
     ,"FBLOB": ""
    }
   ,{
      "ID": "PAGEC_CONSTICON"
     ,"FINT": "0"
     ,"FFLOAT": "0.000"
     ,"FSTR": "images/erp/c_const0032.png"
     ,"FBLOB": ""
    }
   ,{
      "ID": "PAGEJOURNALHINT"
     ,"FINT": "0"
     ,"FFLOAT": "0.000"
     ,"FSTR": "Журналы документов"
     ,"FBLOB": ""
    }
   ,{
      "ID": "PAGEJOURNALICON"
     ,"FINT": "0"
     ,"FFLOAT": "0.000"
     ,"FSTR": "images/erp/j0032.png"
     ,"FBLOB": ""
    }
   ,{
      "ID": "PAGERPTHINT"
     ,"FINT": "0"
     ,"FFLOAT": "0.000"
     ,"FSTR": "Отчёты"
     ,"FBLOB": ""
    }
   ,{
      "ID": "PAGERPTICON"
     ,"FINT": "0"
     ,"FFLOAT": "0.000"
     ,"FSTR": "images/erp/rpt0032.png"
     ,"FBLOB": ""
    }
   ,{
      "ID": "PAGER_REFERENCESHINT"
     ,"FINT": "0"
     ,"FFLOAT": "0.000"
     ,"FSTR": "Справочники"
     ,"FBLOB": ""
    }
   ,{
      "ID": "PAGER_REFERENCESICON"
     ,"FINT": "0"
     ,"FFLOAT": "0.000"
     ,"FSTR": "images/erp/r0032.png"
     ,"FBLOB": ""
    }
   ,{
      "ID": "PAGEW_USERSHINT"
     ,"FINT": "0"
     ,"FFLOAT": "0.000"
     ,"FSTR": "Управление пользователями системы"
     ,"FBLOB": ""
    }
   ,{
      "ID": "PAGEW_USERSICON"
     ,"FINT": "0"
     ,"FFLOAT": "0.000"
     ,"FSTR": "images/erp/w_users0032.png"
     ,"FBLOB": ""
    }
   ,{
      "ID": "TEXTBTNCONTINUE"
     ,"FINT": "0"
     ,"FFLOAT": "0.000"
     ,"FSTR": "Продолжить"
     ,"FBLOB": ""
    }
   ,{
      "ID": "TEXTBTNLOGIN"
     ,"FINT": "0"
     ,"FFLOAT": "0.000"
     ,"FSTR": "Войти"
     ,"FBLOB": ""
    }
   ,{
      "ID": "TEXTBTNMORE"
     ,"FINT": "0"
     ,"FFLOAT": "0.000"
     ,"FSTR": "Подробнее"
     ,"FBLOB": ""
    }
   ,{
      "ID": "TEXTBTNORDER"
     ,"FINT": "0"
     ,"FFLOAT": "0.000"
     ,"FSTR": "заказать"
     ,"FBLOB": ""
    }
   ,{
      "ID": "TEXTBTNREGISTER"
     ,"FINT": "0"
     ,"FFLOAT": "0.000"
     ,"FSTR": "Регистрация"
     ,"FBLOB": ""
    }
   ,{
      "ID": "TEXTBTNRESET"
     ,"FINT": "0"
     ,"FFLOAT": "0.000"
     ,"FSTR": "Очистить"
     ,"FBLOB": ""
    }
   ,{
      "ID": "TEXTBTNSEARCH"
     ,"FINT": "0"
     ,"FFLOAT": "0.000"
     ,"FSTR": "Поиск"
     ,"FBLOB": ""
    }
   ,{
      "ID": "TEXTDISHESFROMCHEF"
     ,"FINT": "0"
     ,"FFLOAT": "0.000"
     ,"FSTR": "Блюда от шефа"
     ,"FBLOB": ""
    }
   ,{
      "ID": "TEXTENTADDR"
     ,"FINT": "0"
     ,"FFLOAT": "0.000"
     ,"FSTR": "Адрес"
     ,"FBLOB": ""
    }
   ,{
      "ID": "TEXTENTEMAIL"
     ,"FINT": "0"
     ,"FFLOAT": "0.000"
     ,"FSTR": "Почта"
     ,"FBLOB": ""
    }
   ,{
      "ID": "TEXTENTPATH"
     ,"FINT": "0"
     ,"FFLOAT": "0.000"
     ,"FSTR": "Наши координаты"
     ,"FBLOB": ""
    }
   ,{
      "ID": "TEXTERPUSERS"
     ,"FINT": "0"
     ,"FFLOAT": "0.000"
     ,"FSTR": "Пользователи"
     ,"FBLOB": ""
    }
   ,{
      "ID": "TEXTGREETING"
     ,"FINT": "0"
     ,"FFLOAT": "0.000"
     ,"FSTR": ""
     ,"FBLOB": "<p>Посетив наше кафе, Вы окунетесь в мир уюта и комфорта. К каждому гостю мы найдем особый подход. Профессиональная команда поваров порадует Вас изысканной кухней. Вежливые и внимательные официанты порекомендуют блюда, ориентируясь на Ваши вкусовые предпочтения.</p>

<p>Вы хотите праздника? Коллектив кафе 'Да Винчи' поможет организовать юбилеи, корпоративы, романтический ужин, детский праздник.</p>

<p>Мы всегда рады видеть Вас у нас в гостях!</p>"
    }
   ,{
      "ID": "TEXTGREETINGHEADER"
     ,"FINT": "0"
     ,"FFLOAT": "0.000"
     ,"FSTR": "Добро пожаловать в кафе Da Vinci"
     ,"FBLOB": ""
    }
   ,{
      "ID": "TEXTINFOWORK"
     ,"FINT": "0"
     ,"FFLOAT": "0.000"
     ,"FSTR": "<span>Ежедневно</span><br>11:00 - 23:00"
     ,"FBLOB": ""
    }
   ,{
      "ID": "TEXTINFOWORKHEADER"
     ,"FINT": "0"
     ,"FFLOAT": "0.000"
     ,"FSTR": "Время работы"
     ,"FBLOB": ""
    }
   ,{
      "ID": "TEXTLOGINAUTHHEADER"
     ,"FINT": "0"
     ,"FFLOAT": "0.000"
     ,"FSTR": "Войти в Личный кабинет"
     ,"FBLOB": ""
    }
   ,{
      "ID": "TEXTLOGINFORCOMENT"
     ,"FINT": "0"
     ,"FFLOAT": "0.000"
     ,"FSTR": "Только зарегистрированные пользователи могут оставлять комментарии."
     ,"FBLOB": ""
    }
   ,{
      "ID": "TEXTLOGINGOTOPROFILE"
     ,"FINT": "0"
     ,"FFLOAT": "0.000"
     ,"FSTR": "Перейти в профиль пользователя"
     ,"FBLOB": ""
    }
   ,{
      "ID": "TEXTLOGINHELP"
     ,"FINT": "0"
     ,"FFLOAT": "0.000"
     ,"FSTR": ""
     ,"FBLOB": "Для осуществления заказов online, пожалуйста войдите в систему или зарегистрируйтесь."
    }
   ,{
      "ID": "TEXTLOGINLOGINPWD"
     ,"FINT": "0"
     ,"FFLOAT": "0.000"
     ,"FSTR": "Пароль"
     ,"FBLOB": ""
    }
   ,{
      "ID": "TEXTLOGINLOGINUSER"
     ,"FINT": "0"
     ,"FFLOAT": "0.000"
     ,"FSTR": "E-mail"
     ,"FBLOB": ""
    }
   ,{
      "ID": "TEXTLOGINNET"
     ,"FINT": "0"
     ,"FFLOAT": "0.000"
     ,"FSTR": "Вы можете войти через социальную сеть"
     ,"FBLOB": ""
    }
   ,{
      "ID": "TEXTLOGINPLEASE"
     ,"FINT": "0"
     ,"FFLOAT": "0.000"
     ,"FSTR": "Войдите, пожалуйста"
     ,"FBLOB": ""
    }
   ,{
      "ID": "TEXTLOGINREGISTER"
     ,"FINT": "0"
     ,"FFLOAT": "0.000"
     ,"FSTR": ""
     ,"FBLOB": "Создание учетной записи поможет покупать быстрее. Вы сможете контролировать состояние заказа, а также просматривать заказы сделанные ранее. Вы сможете накапливать призовые баллы и получать скидочные купоны. А постоянным покупателям мы предлагаем гибкую систему скидок и персональное обслуживание."
    }
   ,{
      "ID": "TEXTLOGINREGISTERHEADER"
     ,"FINT": "0"
     ,"FFLOAT": "0.000"
     ,"FSTR": "Регистрация"
     ,"FBLOB": ""
    }
   ,{
      "ID": "TEXTLOGINREGNET"
     ,"FINT": "0"
     ,"FFLOAT": "0.000"
     ,"FSTR": "Зарегистрироваться через социальную сеть"
     ,"FBLOB": ""
    }
   ,{
      "ID": "TEXTLOGINUSER"
     ,"FINT": "0"
     ,"FFLOAT": "0.000"
     ,"FSTR": "Пользователь"
     ,"FBLOB": ""
    }
   ,{
      "ID": "TEXTLOGINUSERNEW"
     ,"FINT": "0"
     ,"FFLOAT": "0.000"
     ,"FSTR": "Новый Гость"
     ,"FBLOB": ""
    }
   ,{
      "ID": "TEXTLOGINUSERREGISTERED"
     ,"FINT": "0"
     ,"FFLOAT": "0.000"
     ,"FSTR": "Зарегистрированный Гость"
     ,"FBLOB": ""
    }
   ,{
      "ID": "TEXTLOGOUTFROM"
     ,"FINT": "0"
     ,"FFLOAT": "0.000"
     ,"FSTR": "Выйти из системы"
     ,"FBLOB": ""
    }
   ,{
      "ID": "TEXTNEWS"
     ,"FINT": "0"
     ,"FFLOAT": "0.000"
     ,"FSTR": "Новости"
     ,"FBLOB": ""
    }
   ,{
      "ID": "TEXTPHONES"
     ,"FINT": "0"
     ,"FFLOAT": "0.000"
     ,"FSTR": "тел."
     ,"FBLOB": ""
    }
   ,{
      "ID": "TEXTTEMCANALOGS"
     ,"FINT": "0"
     ,"FFLOAT": "0.000"
     ,"FSTR": "Посмотрите ещё"
     ,"FBLOB": ""
    }
   ,{
      "ID": "TEXTTMCED"
     ,"FINT": "0"
     ,"FFLOAT": "0.000"
     ,"FSTR": "Ед.изм."
     ,"FBLOB": ""
    }
   ,{
      "ID": "TEXTTMCINFO"
     ,"FINT": "0"
     ,"FFLOAT": "0.000"
     ,"FSTR": "Информация о товаре"
     ,"FBLOB": ""
    }
   ,{
      "ID": "TEXTTMCINGREDIENTS"
     ,"FINT": "0"
     ,"FFLOAT": "0.000"
     ,"FSTR": "Состав"
     ,"FBLOB": ""
    }
   ,{
      "ID": "TEXTTMCPART"
     ,"FINT": "0"
     ,"FFLOAT": "0.000"
     ,"FSTR": "Выход"
     ,"FBLOB": ""
    }
   ,{
      "ID": "TEXTTMCPART2"
     ,"FINT": "0"
     ,"FFLOAT": "0.000"
     ,"FSTR": "Порция"
     ,"FBLOB": ""
    }
   ,{
      "ID": "TEXTTMCPRICE"
     ,"FINT": "0"
     ,"FFLOAT": "0.000"
     ,"FSTR": "Цена"
     ,"FBLOB": ""
    }
   ,{
      "ID": "TEXTUSERBIRTHDATE"
     ,"FINT": "0"
     ,"FFLOAT": "0.000"
     ,"FSTR": "Дата рождения"
     ,"FBLOB": ""
    }
   ,{
      "ID": "TEXTUSERCITY"
     ,"FINT": "0"
     ,"FFLOAT": "0.000"
     ,"FSTR": "Город"
     ,"FBLOB": ""
    }
   ,{
      "ID": "TEXTUSERCOUNTRY"
     ,"FINT": "0"
     ,"FFLOAT": "0.000"
     ,"FSTR": "Страна"
     ,"FBLOB": ""
    }
   ,{
      "ID": "TEXTUSERCURRENT"
     ,"FINT": "0"
     ,"FFLOAT": "0.000"
     ,"FSTR": "Вы вошли как"
     ,"FBLOB": ""
    }
   ,{
      "ID": "TEXTUSERFIRSTNAME"
     ,"FINT": "0"
     ,"FFLOAT": "0.000"
     ,"FSTR": "Имя"
     ,"FBLOB": ""
    }
   ,{
      "ID": "TEXTUSERLASTNAME"
     ,"FINT": "0"
     ,"FFLOAT": "0.000"
     ,"FSTR": "Фамилия"
     ,"FBLOB": ""
    }
   ,{
      "ID": "TEXTUSERPASSWORD"
     ,"FINT": "0"
     ,"FFLOAT": "0.000"
     ,"FSTR": "Введите пароль"
     ,"FBLOB": ""
    }
   ,{
      "ID": "TEXTUSERPASSWORD2"
     ,"FINT": "0"
     ,"FFLOAT": "0.000"
     ,"FSTR": "Повторите пароль"
     ,"FBLOB": ""
    }
   ,{
      "ID": "TEXTUSERPHONE"
     ,"FINT": "0"
     ,"FFLOAT": "0.000"
     ,"FSTR": "Контактный телефон"
     ,"FBLOB": ""
    }
   ,{
      "ID": "TEXTUSERPHOTO"
     ,"FINT": "0"
     ,"FFLOAT": "0.000"
     ,"FSTR": "Аватарка"
     ,"FBLOB": ""
    }
   ,{
      "ID": "TEXTUSERPHOTOBIG"
     ,"FINT": "0"
     ,"FFLOAT": "0.000"
     ,"FSTR": "Фотография"
     ,"FBLOB": ""
    }
   ,{
      "ID": "TEXTUSERPROFILE"
     ,"FINT": "0"
     ,"FFLOAT": "0.000"
     ,"FSTR": "Профиль пользователя"
     ,"FBLOB": ""
    }
   ,{
      "ID": "TEXTUSERSEX"
     ,"FINT": "0"
     ,"FFLOAT": "0.000"
     ,"FSTR": "Обращение"
     ,"FBLOB": ""
    }
  ]
}
