{"DATA":[{"FILIAL_ID":"0","ID":"1000000","NAME":"V.I.P.","FLAG_DELETE":"0","PLATENO":"0","GUESTQUANT":"0.000","GUESTQUANTMAX":"0.000","MAPLEFT":"70","MAPTOP":"500","MAPHEIGHT":"60","MAPWIDTH":"60"},{"FILIAL_ID":"0","ID":"1000001","NAME":"Малый зал 1","FLAG_DELETE":"0","PLATENO":"1","GUESTQUANT":"0.000","GUESTQUANTMAX":"0.000","MAPLEFT":"130","MAPTOP":"407","MAPHEIGHT":"55","MAPWIDTH":"60"},{"FILIAL_ID":"0","ID":"1000002","NAME":"Малый зал 2","FLAG_DELETE":"0","PLATENO":"2","GUESTQUANT":"0.000","GUESTQUANTMAX":"0.000","MAPLEFT":"50","MAPTOP":"407","MAPHEIGHT":"55","MAPWIDTH":"60"},{"FILIAL_ID":"0","ID":"1000003","NAME":"Малый зал 3","FLAG_DELETE":"0","PLATENO":"3","GUESTQUANT":"0.000","GUESTQUANTMAX":"0.000","MAPLEFT":"50","MAPTOP":"332","MAPHEIGHT":"55","MAPWIDTH":"60"},{"FILIAL_ID":"0","ID":"1000004","NAME":"Малый зал 4","FLAG_DELETE":"0","PLATENO":"4","GUESTQUANT":"0.000","GUESTQUANTMAX":"0.000","MAPLEFT":"130","MAPTOP":"332","MAPHEIGHT":"55","MAPWIDTH":"60"},{"FILIAL_ID":"0","ID":"1000005","NAME":"Большой зал 5","FLAG_DELETE":"0","PLATENO":"5","GUESTQUANT":"0.000","GUESTQUANTMAX":"0.000","MAPLEFT":"446","MAPTOP":"10","MAPHEIGHT":"60","MAPWIDTH":"60"},{"FILIAL_ID":"0","ID":"1000006","NAME":"Большой зал 6","FLAG_DELETE":"0","PLATENO":"6","GUESTQUANT":"0.000","GUESTQUANTMAX":"0.000","MAPLEFT":"446","MAPTOP":"94","MAPHEIGHT":"60","MAPWIDTH":"60"},{"FILIAL_ID":"0","ID":"1000007","NAME":"Большой зал 7","FLAG_DELETE":"0","PLATENO":"7","GUESTQUANT":"0.000","GUESTQUANTMAX":"0.000","MAPLEFT":"446","MAPTOP":"168","MAPHEIGHT":"60","MAPWIDTH":"60"},{"FILIAL_ID":"0","ID":"1000008","NAME":"Большой зал 8","FLAG_DELETE":"0","PLATENO":"8","GUESTQUANT":"0.000","GUESTQUANTMAX":"0.000","MAPLEFT":"446","MAPTOP":"242","MAPHEIGHT":"60","MAPWIDTH":"60"},{"FILIAL_ID":"0","ID":"1000009","NAME":"Большой зал 9","FLAG_DELETE":"0","PLATENO":"9","GUESTQUANT":"0.000","GUESTQUANTMAX":"0.000","MAPLEFT":"446","MAPTOP":"316","MAPHEIGHT":"60","MAPWIDTH":"60"},{"FILIAL_ID":"0","ID":"1000010","NAME":"Большой зал 10","FLAG_DELETE":"0","PLATENO":"10","GUESTQUANT":"0.000","GUESTQUANTMAX":"0.000","MAPLEFT":"446","MAPTOP":"390","MAPHEIGHT":"60","MAPWIDTH":"60"},{"FILIAL_ID":"0","ID":"1000011","NAME":"Большой зал 11","FLAG_DELETE":"0","PLATENO":"11","GUESTQUANT":"0.000","GUESTQUANTMAX":"0.000","MAPLEFT":"344","MAPTOP":"390","MAPHEIGHT":"60","MAPWIDTH":"60"},{"FILIAL_ID":"0","ID":"1000012","NAME":"Большой зал 12","FLAG_DELETE":"0","PLATENO":"12","GUESTQUANT":"0.000","GUESTQUANTMAX":"0.000","MAPLEFT":"344","MAPTOP":"288","MAPHEIGHT":"60","MAPWIDTH":"60"},{"FILIAL_ID":"0","ID":"1000013","NAME":"Большой зал 13","FLAG_DELETE":"0","PLATENO":"13","GUESTQUANT":"0.000","GUESTQUANTMAX":"0.000","MAPLEFT":"344","MAPTOP":"208","MAPHEIGHT":"60","MAPWIDTH":"60"},{"FILIAL_ID":"0","ID":"1000014","NAME":"Площадка 14","FLAG_DELETE":"0","PLATENO":"14","GUESTQUANT":"0.000","GUESTQUANTMAX":"0.000","MAPLEFT":"710","MAPTOP":"84","MAPHEIGHT":"60","MAPWIDTH":"60"},{"FILIAL_ID":"0","ID":"1000015","NAME":"Площадка 15","FLAG_DELETE":"0","PLATENO":"15","GUESTQUANT":"0.000","GUESTQUANTMAX":"0.000","MAPLEFT":"710","MAPTOP":"176","MAPHEIGHT":"60","MAPWIDTH":"60"},{"FILIAL_ID":"0","ID":"1000016","NAME":"Площадка 16","FLAG_DELETE":"0","PLATENO":"16","GUESTQUANT":"0.000","GUESTQUANTMAX":"0.000","MAPLEFT":"710","MAPTOP":"268","MAPHEIGHT":"60","MAPWIDTH":"60"},{"FILIAL_ID":"0","ID":"1000017","NAME":"Площадка 17","FLAG_DELETE":"0","PLATENO":"17","GUESTQUANT":"0.000","GUESTQUANTMAX":"0.000","MAPLEFT":"710","MAPTOP":"360","MAPHEIGHT":"60","MAPWIDTH":"60"},{"FILIAL_ID":"0","ID":"1000018","NAME":"Площадка 18","FLAG_DELETE":"0","PLATENO":"18","GUESTQUANT":"0.000","GUESTQUANTMAX":"0.000","MAPLEFT":"630","MAPTOP":"84","MAPHEIGHT":"60","MAPWIDTH":"60"},{"FILIAL_ID":"0","ID":"1000019","NAME":"Площадка 19","FLAG_DELETE":"0","PLATENO":"19","GUESTQUANT":"0.000","GUESTQUANTMAX":"0.000","MAPLEFT":"630","MAPTOP":"176","MAPHEIGHT":"60","MAPWIDTH":"60"},{"FILIAL_ID":"0","ID":"1000020","NAME":"Площадка 20","FLAG_DELETE":"0","PLATENO":"20","GUESTQUANT":"0.000","GUESTQUANTMAX":"0.000","MAPLEFT":"630","MAPTOP":"268","MAPHEIGHT":"60","MAPWIDTH":"60"},{"FILIAL_ID":"0","ID":"1000021","NAME":"Площадка 21","FLAG_DELETE":"0","PLATENO":"21","GUESTQUANT":"0.000","GUESTQUANTMAX":"0.000","MAPLEFT":"550","MAPTOP":"176","MAPHEIGHT":"60","MAPWIDTH":"60"},{"FILIAL_ID":"0","ID":"1000022","NAME":"Площадка 22","FLAG_DELETE":"0","PLATENO":"22","GUESTQUANT":"0.000","GUESTQUANTMAX":"0.000","MAPLEFT":"550","MAPTOP":"268","MAPHEIGHT":"60","MAPWIDTH":"60"},{"FILIAL_ID":"0","ID":"1000023","NAME":"Площадка 23","FLAG_DELETE":"0","PLATENO":"23","GUESTQUANT":"0.000","GUESTQUANTMAX":"0.000","MAPLEFT":"550","MAPTOP":"360","MAPHEIGHT":"60","MAPWIDTH":"60"},{"FILIAL_ID":"0","ID":"1000024","NAME":"ТАНТРА","FLAG_DELETE":"0","PLATENO":"55","GUESTQUANT":"0.000","GUESTQUANTMAX":"0.000","MAPLEFT":"550","MAPTOP":"8","MAPHEIGHT":"24","MAPWIDTH":"240"},{"FILIAL_ID":"0","ID":"1000025","NAME":"Барная стойка","FLAG_DELETE":"0","PLATENO":"50","GUESTQUANT":"0.000","GUESTQUANTMAX":"0.000","MAPLEFT":"340","MAPTOP":"10","MAPHEIGHT":"115","MAPWIDTH":"40"},{"FILIAL_ID":"0","ID":"1000026","NAME":"Набивка счетов 111","FLAG_DELETE":"0","PLATENO":"111","GUESTQUANT":"0.000","GUESTQUANTMAX":"0.000","MAPLEFT":"350","MAPTOP":"540","MAPHEIGHT":"50","MAPWIDTH":"120"},{"FILIAL_ID":"0","ID":"1000027","NAME":"Набивка счетов 777","FLAG_DELETE":"0","PLATENO":"777","GUESTQUANT":"0.000","GUESTQUANTMAX":"0.000","MAPLEFT":"520","MAPTOP":"540","MAPHEIGHT":"50","MAPWIDTH":"120"}]}