{
  "DATA": [
    {
      "ID": "1000005"
     ,"GROUPNAME": "Винная карта"
     ,"NAME": "Апперетивы"
     ,"FLAG_DELETE": "0"
     ,"ORDERID": "1"
     ,"TMC_GROUP_ID": "3000001"
     ,"IMG_FILE": "images/groups/group_salute.png"
     ,"IMAGE_PATH": ""
    }
   ,{
      "ID": "1000006"
     ,"GROUPNAME": "Винная карта"
     ,"NAME": "Вина"
     ,"FLAG_DELETE": "0"
     ,"ORDERID": "2"
     ,"TMC_GROUP_ID": "3000002"
     ,"IMG_FILE": "images/groups/group_wine.png"
     ,"IMAGE_PATH": ""
    }
   ,{
      "ID": "1000011"
     ,"GROUPNAME": "Винная карта"
     ,"NAME": "Шампанские и игристые вина"
     ,"FLAG_DELETE": "0"
     ,"ORDERID": "3"
     ,"TMC_GROUP_ID": "3000007"
     ,"IMG_FILE": "images/groups/group_shampain.png"
     ,"IMAGE_PATH": ""
    }
   ,{
      "ID": "1000007"
     ,"GROUPNAME": "Винная карта"
     ,"NAME": "Водка"
     ,"FLAG_DELETE": "0"
     ,"ORDERID": "4"
     ,"TMC_GROUP_ID": "3000003"
     ,"IMG_FILE": "images/groups/group_vodka.png"
     ,"IMAGE_PATH": ""
    }
   ,{
      "ID": "1000008"
     ,"GROUPNAME": "Винная карта"
     ,"NAME": "Коньяк"
     ,"FLAG_DELETE": "0"
     ,"ORDERID": "5"
     ,"TMC_GROUP_ID": "3000004"
     ,"IMG_FILE": "images/groups/group_konjak.png"
     ,"IMAGE_PATH": ""
    }
   ,{
      "ID": "1000009"
     ,"GROUPNAME": "Винная карта"
     ,"NAME": "Ликеры"
     ,"FLAG_DELETE": "0"
     ,"ORDERID": "6"
     ,"TMC_GROUP_ID": "3000005"
     ,"IMG_FILE": "images/groups/group_liker.png"
     ,"IMAGE_PATH": ""
    }
   ,{
      "ID": "1000010"
     ,"GROUPNAME": "Винная карта"
     ,"NAME": "Виски, бренди, ром, текила"
     ,"FLAG_DELETE": "0"
     ,"ORDERID": "7"
     ,"TMC_GROUP_ID": "3000006"
     ,"IMG_FILE": "images/groups/group_viski.png"
     ,"IMAGE_PATH": ""
    }
   ,{
      "ID": "1000012"
     ,"GROUPNAME": "Винная карта"
     ,"NAME": "Пиво"
     ,"FLAG_DELETE": "0"
     ,"ORDERID": "8"
     ,"TMC_GROUP_ID": "3000008"
     ,"IMG_FILE": "images/groups/group_beer.png"
     ,"IMAGE_PATH": ""
    }
   ,{
      "ID": "1000013"
     ,"GROUPNAME": "Винная карта"
     ,"NAME": "Алкогольные коктейли"
     ,"FLAG_DELETE": "0"
     ,"ORDERID": "9"
     ,"TMC_GROUP_ID": "3000013"
     ,"IMG_FILE": "images/groups/group_coctail.png"
     ,"IMAGE_PATH": ""
    }
   ,{
      "ID": "1000035"
     ,"GROUPNAME": "Детское меню"
     ,"NAME": "Холодные закуски и салаты"
     ,"FLAG_DELETE": "0"
     ,"ORDERID": "1"
     ,"TMC_GROUP_ID": "3000074"
     ,"IMG_FILE": "images/groups/group_salad.png"
     ,"IMAGE_PATH": ""
    }
   ,{
      "ID": "1000036"
     ,"GROUPNAME": "Детское меню"
     ,"NAME": "Бутерброды"
     ,"FLAG_DELETE": "0"
     ,"ORDERID": "2"
     ,"TMC_GROUP_ID": "3000076"
     ,"IMG_FILE": "images/groups/group_zakuski.png"
     ,"IMAGE_PATH": ""
    }
   ,{
      "ID": "1000034"
     ,"GROUPNAME": "Детское меню"
     ,"NAME": "Горячие блюда"
     ,"FLAG_DELETE": "0"
     ,"ORDERID": "3"
     ,"TMC_GROUP_ID": "3000073"
     ,"IMG_FILE": "images/groups/group_soup.png"
     ,"IMAGE_PATH": ""
    }
   ,{
      "ID": "1000037"
     ,"GROUPNAME": "Детское меню"
     ,"NAME": "Десерт"
     ,"FLAG_DELETE": "0"
     ,"ORDERID": "4"
     ,"TMC_GROUP_ID": "3000075"
     ,"IMG_FILE": "images/groups/group_cake.png"
     ,"IMAGE_PATH": ""
    }
   ,{
      "ID": "1000015"
     ,"GROUPNAME": "Основное меню"
     ,"NAME": "Салаты"
     ,"FLAG_DELETE": "0"
     ,"ORDERID": "1"
     ,"TMC_GROUP_ID": "3000017"
     ,"IMG_FILE": "images/groups/group_salad.png"
     ,"IMAGE_PATH": ""
    }
   ,{
      "ID": "1000025"
     ,"GROUPNAME": "Основное меню"
     ,"NAME": "Холодные закуски"
     ,"FLAG_DELETE": "0"
     ,"ORDERID": "2"
     ,"TMC_GROUP_ID": "3000018"
     ,"IMG_FILE": "images/groups/group_zakuski.png"
     ,"IMAGE_PATH": ""
    }
   ,{
      "ID": "1000026"
     ,"GROUPNAME": "Основное меню"
     ,"NAME": "Горячие закуски"
     ,"FLAG_DELETE": "0"
     ,"ORDERID": "3"
     ,"TMC_GROUP_ID": "3000019"
     ,"IMG_FILE": "images/groups/group_zakuski2.png"
     ,"IMAGE_PATH": ""
    }
   ,{
      "ID": "1000016"
     ,"GROUPNAME": "Основное меню"
     ,"NAME": "Первые блюда"
     ,"FLAG_DELETE": "0"
     ,"ORDERID": "4"
     ,"TMC_GROUP_ID": "3000020"
     ,"IMG_FILE": "images/groups/group_soup.png"
     ,"IMAGE_PATH": ""
    }
   ,{
      "ID": "1000017"
     ,"GROUPNAME": "Основное меню"
     ,"NAME": "Гарниры"
     ,"FLAG_DELETE": "0"
     ,"ORDERID": "5"
     ,"TMC_GROUP_ID": "3000023"
     ,"IMG_FILE": "images/groups/group_garnir.png"
     ,"IMAGE_PATH": ""
    }
   ,{
      "ID": "1000023"
     ,"GROUPNAME": "Основное меню"
     ,"NAME": "Вторые блюда из рыбы"
     ,"FLAG_DELETE": "0"
     ,"ORDERID": "7"
     ,"TMC_GROUP_ID": "3000021"
     ,"IMG_FILE": "images/groups/group_fish.png"
     ,"IMAGE_PATH": ""
    }
   ,{
      "ID": "1000024"
     ,"GROUPNAME": "Основное меню"
     ,"NAME": "Вторые блюда из мяса"
     ,"FLAG_DELETE": "0"
     ,"ORDERID": "8"
     ,"TMC_GROUP_ID": "3000022"
     ,"IMG_FILE": "images/groups/group_biff.png"
     ,"IMAGE_PATH": ""
    }
   ,{
      "ID": "1000022"
     ,"GROUPNAME": "Основное меню"
     ,"NAME": "Пасты"
     ,"FLAG_DELETE": "0"
     ,"ORDERID": "9"
     ,"TMC_GROUP_ID": "3000028"
     ,"IMG_FILE": "images/groups/group_pasta.png"
     ,"IMAGE_PATH": ""
    }
   ,{
      "ID": "1000019"
     ,"GROUPNAME": "Основное меню"
     ,"NAME": "Соусы"
     ,"FLAG_DELETE": "0"
     ,"ORDERID": "10"
     ,"TMC_GROUP_ID": "3000025"
     ,"IMG_FILE": "images/groups/group_sause.png"
     ,"IMAGE_PATH": ""
    }
   ,{
      "ID": "1000020"
     ,"GROUPNAME": "Основное меню"
     ,"NAME": "Блины"
     ,"FLAG_DELETE": "0"
     ,"ORDERID": "11"
     ,"TMC_GROUP_ID": "3000026"
     ,"IMG_FILE": "images/groups/group_blin.png"
     ,"IMAGE_PATH": ""
    }
   ,{
      "ID": "1000021"
     ,"GROUPNAME": "Основное меню"
     ,"NAME": "Хлеб"
     ,"FLAG_DELETE": "0"
     ,"ORDERID": "12"
     ,"TMC_GROUP_ID": "3000027"
     ,"IMG_FILE": "images/groups/group_broad.png"
     ,"IMAGE_PATH": ""
    }
   ,{
      "ID": "1000032"
     ,"GROUPNAME": "Основное меню"
     ,"NAME": "Закуски к пиву"
     ,"FLAG_DELETE": "0"
     ,"ORDERID": "13"
     ,"TMC_GROUP_ID": "3000070"
     ,"IMG_FILE": "images/groups/group_beer2.png"
     ,"IMAGE_PATH": ""
    }
   ,{
      "ID": "1000003"
     ,"GROUPNAME": "Основное меню"
     ,"NAME": "Десерт"
     ,"FLAG_DELETE": "0"
     ,"ORDERID": "14"
     ,"TMC_GROUP_ID": "3000012"
     ,"IMG_FILE": "images/groups/group_cake.png"
     ,"IMAGE_PATH": ""
    }
   ,{
      "ID": "1000001"
     ,"GROUPNAME": "Основное меню"
     ,"NAME": "Горячие напитки"
     ,"FLAG_DELETE": "0"
     ,"ORDERID": "15"
     ,"TMC_GROUP_ID": "3000010"
     ,"IMG_FILE": "images/groups/group_coffee.png"
     ,"IMAGE_PATH": ""
    }
   ,{
      "ID": "1000002"
     ,"GROUPNAME": "Основное меню"
     ,"NAME": "Напитки и соки"
     ,"FLAG_DELETE": "0"
     ,"ORDERID": "16"
     ,"TMC_GROUP_ID": "3000011"
     ,"IMG_FILE": "images/groups/group_fresh.png"
     ,"IMAGE_PATH": ""
    }
   ,{
      "ID": "1000014"
     ,"GROUPNAME": "Основное меню"
     ,"NAME": "Безалкогольные коктейли"
     ,"FLAG_DELETE": "0"
     ,"ORDERID": "17"
     ,"TMC_GROUP_ID": "3000014"
     ,"IMG_FILE": "images/groups/group_coctail2.png"
     ,"IMAGE_PATH": ""
    }
   ,{
      "ID": "1000027"
     ,"GROUPNAME": "Служебное"
     ,"NAME": "Скрэтч-карты"
     ,"FLAG_DELETE": "0"
     ,"ORDERID": "1"
     ,"TMC_GROUP_ID": "3000062"
     ,"IMG_FILE": "images/groups/group_phone.png"
     ,"IMAGE_PATH": ""
    }
   ,{
      "ID": "1000028"
     ,"GROUPNAME": "Служебное"
     ,"NAME": "Нержавейка"
     ,"FLAG_DELETE": "0"
     ,"ORDERID": "2"
     ,"TMC_GROUP_ID": "3000055"
     ,"IMG_FILE": "images/groups/group_nergavejka.png"
     ,"IMAGE_PATH": ""
    }
   ,{
      "ID": "1000029"
     ,"GROUPNAME": "Служебное"
     ,"NAME": "Стекло"
     ,"FLAG_DELETE": "0"
     ,"ORDERID": "3"
     ,"TMC_GROUP_ID": "3000056"
     ,"IMG_FILE": "images/groups/group_steklo.png"
     ,"IMAGE_PATH": ""
    }
   ,{
      "ID": "1000030"
     ,"GROUPNAME": "Служебное"
     ,"NAME": "ФАРФОР"
     ,"FLAG_DELETE": "0"
     ,"ORDERID": "4"
     ,"TMC_GROUP_ID": "3000057"
     ,"IMG_FILE": "images/groups/group_farfor.png"
     ,"IMAGE_PATH": ""
    }
   ,{
      "ID": "1000031"
     ,"GROUPNAME": "Служебное"
     ,"NAME": "РАЗНОЕ"
     ,"FLAG_DELETE": "0"
     ,"ORDERID": "5"
     ,"TMC_GROUP_ID": "3000058"
     ,"IMG_FILE": "images/groups/group_raznoe.png"
     ,"IMAGE_PATH": ""
    }
  ]
}
