{"DATA":[{"ID":"1","FLAG_DELETE":"0","NAME":"Банкетное меню","NAME1000056":"Banquette","NAME1000090":"Bankettmenü","NAME1000091":"Banquet menu","NAME1000071":"Банкетнi страви"},{"ID":"2","FLAG_DELETE":"0","NAME":"Винная карта","NAME1000056":"Alcohol","NAME1000090":"Alkohol","NAME1000091":"La carte des Vins","NAME1000071":"Алкогольні напої"},{"ID":"3","FLAG_DELETE":"0","NAME":"Детское меню","NAME1000056":"Children's dishes","NAME1000090":"Kindermenü","NAME1000091":"Enfant menu","NAME1000071":"Дитячі страви"},{"ID":"4","FLAG_DELETE":"0","NAME":"Основное меню","NAME1000056":"Main dishes","NAME1000090":"Hauptmenü","NAME1000091":"Ordinare menu","NAME1000071":"Черговi страви"},{"ID":"5","FLAG_DELETE":"1","NAME":"Служебное","NAME1000056":"Служебное","NAME1000090":"Служебное","NAME1000091":"Служебное","NAME1000071":"Служебное"}]}