{
  "DATA": [
    {
      "ID": "1"
     ,"PARENT_ID": "0"
     ,"NAME": "Винная карта"
     ,"FLAG_DELETE": "0"
     ,"IMAGE_PATH": "images/groups/root001.jpg"
    }
   ,{
      "ID": "2"
     ,"PARENT_ID": "0"
     ,"NAME": "Детское меню"
     ,"FLAG_DELETE": "0"
     ,"IMAGE_PATH": "images/groups/root002.jpg"
    }
   ,{
      "ID": "3"
     ,"PARENT_ID": "0"
     ,"NAME": "Основное меню"
     ,"FLAG_DELETE": "0"
     ,"IMAGE_PATH": "images/groups/root003.jpg"
    }
   ,{
      "ID": "4"
     ,"PARENT_ID": "0"
     ,"NAME": "Служебное"
     ,"FLAG_DELETE": "1"
     ,"IMAGE_PATH": "images/groups/root004.jpg"
    }
  ]
}
