{"DATA":[{"ID":"1","PARENT_ID":"0","NAME":"ТОВАРЫ","FLAG_DELETE":"0","IMAGE_PATH":""},{"ID":"2","PARENT_ID":"0","NAME":"ПРОДУКЦИЯ","FLAG_DELETE":"0","IMAGE_PATH":""},{"ID":"3","PARENT_ID":"0","NAME":"МАТЕРИАЛЫ","FLAG_DELETE":"0","IMAGE_PATH":""},{"ID":"4","PARENT_ID":"0","NAME":"МБП И РАСХОДНИКИ","FLAG_DELETE":"0","IMAGE_PATH":""},{"ID":"5","PARENT_ID":"0","NAME":"УСЛУГИ","FLAG_DELETE":"0","IMAGE_PATH":""},{"ID":"6","PARENT_ID":"0","NAME":"УДАЛЕННЫЕ","FLAG_DELETE":"0","IMAGE_PATH":""},{"ID":"130000","PARENT_ID":"1","NAME":"КОМПЬЮТЕРЫ","FLAG_DELETE":"0","IMAGE_PATH":""},{"ID":"140000","PARENT_ID":"1","NAME":"КНИГИ","FLAG_DELETE":"0","IMAGE_PATH":""},{"ID":"200005","PARENT_ID":"2","NAME":"КАЛЬКУЛЯЦИИ","FLAG_DELETE":"0","IMAGE_PATH":""},{"ID":"3000000","PARENT_ID":"200005","NAME":"БАР","FLAG_DELETE":"0","IMAGE_PATH":""},{"ID":"3000001","PARENT_ID":"3000048","NAME":"SALUTE, АПЕРИТИВЫ","FLAG_DELETE":"0","IMAGE_PATH":""},{"ID":"3000002","PARENT_ID":"3000048","NAME":"ВИНА","FLAG_DELETE":"0","IMAGE_PATH":""},{"ID":"3000003","PARENT_ID":"3000048","NAME":"ВОДКА","FLAG_DELETE":"0","IMAGE_PATH":""},{"ID":"3000004","PARENT_ID":"3000048","NAME":"КОНЬЯК","FLAG_DELETE":"0","IMAGE_PATH":""},{"ID":"3000005","PARENT_ID":"3000048","NAME":"ЛИКЕРЫ","FLAG_DELETE":"0","IMAGE_PATH":""},{"ID":"3000006","PARENT_ID":"3000048","NAME":"ВИСКИ, ДЖИН, РОМ, БРЕНДИ, ТЕКИЛА","FLAG_DELETE":"0","IMAGE_PATH":""},{"ID":"3000007","PARENT_ID":"3000048","NAME":"ШАМПАНСКИЕ И ИГРИСТЫЕ ВИНА","FLAG_DELETE":"0","IMAGE_PATH":""},{"ID":"3000008","PARENT_ID":"3000048","NAME":"ПИВО","FLAG_DELETE":"0","IMAGE_PATH":""},{"ID":"3000009","PARENT_ID":"3000000","NAME":"СИРОПЫ И ДЖЕМЫ","FLAG_DELETE":"0","IMAGE_PATH":""},{"ID":"3000010","PARENT_ID":"3000000","NAME":"ГОРЯЧИЕ НАПИТКИ","FLAG_DELETE":"0","IMAGE_PATH":""},{"ID":"3000011","PARENT_ID":"3000000","NAME":"НАПИТКИ И СОКИ","FLAG_DELETE":"0","IMAGE_PATH":""},{"ID":"3000012","PARENT_ID":"3000000","NAME":"СЛАДКИЕ БЛЮДА, ВЫПЕЧКА","FLAG_DELETE":"0","IMAGE_PATH":""},{"ID":"3000013","PARENT_ID":"3000049","NAME":"АЛКОГОЛЬНЫЕ","FLAG_DELETE":"0","IMAGE_PATH":""},{"ID":"3000014","PARENT_ID":"3000049","NAME":"БЕЗАЛКОГОЛЬНЫЕ","FLAG_DELETE":"0","IMAGE_PATH":""},{"ID":"3000016","PARENT_ID":"200005","NAME":"КУХНЯ","FLAG_DELETE":"0","IMAGE_PATH":""},{"ID":"3000017","PARENT_ID":"3000082","NAME":"САЛАТЫ","FLAG_DELETE":"0","IMAGE_PATH":""},{"ID":"3000018","PARENT_ID":"3000051","NAME":"ХОЛОДНЫЕ","FLAG_DELETE":"0","IMAGE_PATH":""},{"ID":"3000019","PARENT_ID":"3000051","NAME":"ГOРЯЧИЕ","FLAG_DELETE":"0","IMAGE_PATH":""},{"ID":"3000020","PARENT_ID":"3000082","NAME":"ПЕРВЫЕ БЛЮДА","FLAG_DELETE":"0","IMAGE_PATH":""},{"ID":"3000021","PARENT_ID":"3000050","NAME":"РЫБНЫЕ","FLAG_DELETE":"0","IMAGE_PATH":""},{"ID":"3000022","PARENT_ID":"3000050","NAME":"МЯСНЫЕ","FLAG_DELETE":"0","IMAGE_PATH":""},{"ID":"3000023","PARENT_ID":"3000082","NAME":"ГАРНИР","FLAG_DELETE":"0","IMAGE_PATH":""},{"ID":"3000024","PARENT_ID":"3000016","NAME":"3.БАНКЕТ","FLAG_DELETE":"0","IMAGE_PATH":""},{"ID":"3000025","PARENT_ID":"3000082","NAME":"СОУСЫ","FLAG_DELETE":"0","IMAGE_PATH":""},{"ID":"3000026","PARENT_ID":"3000082","NAME":"БЛИНЫ И СЫРНИКИ","FLAG_DELETE":"0","IMAGE_PATH":""},{"ID":"3000027","PARENT_ID":"3000082","NAME":"ХЛЕБ","FLAG_DELETE":"0","IMAGE_PATH":""},{"ID":"3000028","PARENT_ID":"3000082","NAME":"ПАСТЫ","FLAG_DELETE":"0","IMAGE_PATH":""},{"ID":"3000029","PARENT_ID":"3000052","NAME":"РЫБА, МЯСО, ЯЙЦА, КОЛБАСА","FLAG_DELETE":"0","IMAGE_PATH":""},{"ID":"3000030","PARENT_ID":"3000052","NAME":"ФРУКТЫ, ОВОЩИ, ГРИБЫ, ЯГОДЫ, РАСТЕНИЯ","FLAG_DELETE":"0","IMAGE_PATH":""},{"ID":"3000031","PARENT_ID":"3000052","NAME":"МАСЛА, ЖИРЫ, СОУСЫ, ПРИПРАВЫ","FLAG_DELETE":"0","IMAGE_PATH":""},{"ID":"3000032","PARENT_ID":"3000052","NAME":"КРУПЫ, МАКАРОНЫ","FLAG_DELETE":"0","IMAGE_PATH":""},{"ID":"3000033","PARENT_ID":"3000052","NAME":"КОНСЕРВАЦИЯ","FLAG_DELETE":"0","IMAGE_PATH":""},{"ID":"3000048","PARENT_ID":"3000000","NAME":"СПИРТНЫЕ НАПИТКИ","FLAG_DELETE":"0","IMAGE_PATH":""},{"ID":"3000049","PARENT_ID":"3000000","NAME":"КОКТЕЙЛИ","FLAG_DELETE":"0","IMAGE_PATH":""},{"ID":"3000050","PARENT_ID":"3000082","NAME":"ВТОРЫЕ БЛЮДА","FLAG_DELETE":"0","IMAGE_PATH":""},{"ID":"3000051","PARENT_ID":"3000082","NAME":"ЗАКУСКИ","FLAG_DELETE":"0","IMAGE_PATH":""},{"ID":"3000052","PARENT_ID":"1","NAME":"ПРОДУКТЫ","FLAG_DELETE":"0","IMAGE_PATH":""},{"ID":"3000054","PARENT_ID":"1","NAME":"ПОСУДА","FLAG_DELETE":"0","IMAGE_PATH":""},{"ID":"3000055","PARENT_ID":"3000054","NAME":"НЕРЖАВЕЙКА","FLAG_DELETE":"0","IMAGE_PATH":""},{"ID":"3000056","PARENT_ID":"3000054","NAME":"СТЕКЛО","FLAG_DELETE":"0","IMAGE_PATH":""},{"ID":"3000057","PARENT_ID":"3000054","NAME":"КЕРАМИКА","FLAG_DELETE":"0","IMAGE_PATH":""},{"ID":"3000058","PARENT_ID":"3000054","NAME":"РАЗНОЕ","FLAG_DELETE":"0","IMAGE_PATH":""},{"ID":"3000062","PARENT_ID":"3000000","NAME":"РАЗНОЕ","FLAG_DELETE":"0","IMAGE_PATH":""},{"ID":"3000063","PARENT_ID":"3000052","NAME":"СОУСЫ","FLAG_DELETE":"0","IMAGE_PATH":""},{"ID":"3000067","PARENT_ID":"3000016","NAME":"0.ПОЛУФАБРИКАТЫ","FLAG_DELETE":"0","IMAGE_PATH":""},{"ID":"3000070","PARENT_ID":"3000048","NAME":"ЗАКУСКИ К ПИВУ","FLAG_DELETE":"0","IMAGE_PATH":""},{"ID":"3000071","PARENT_ID":"3000016","NAME":"2.ДЕТСКОЕ","FLAG_DELETE":"0","IMAGE_PATH":""},{"ID":"3000073","PARENT_ID":"3000071","NAME":"ДЕТСКИЕ ГОРЯЧИЕ БЛЮДА","FLAG_DELETE":"0","IMAGE_PATH":""},{"ID":"3000074","PARENT_ID":"3000071","NAME":"ДЕТСКИЕ ХОЛОДНЫЕ ЗАКУСКИ И САЛАТЫ","FLAG_DELETE":"0","IMAGE_PATH":""},{"ID":"3000075","PARENT_ID":"3000071","NAME":"ДЕТСКИЙ ДЕСЕРТ","FLAG_DELETE":"0","IMAGE_PATH":""},{"ID":"3000076","PARENT_ID":"3000071","NAME":"ДЕТСКИЕ БУТЕРБРОДЫ И КАНАПЕ","FLAG_DELETE":"0","IMAGE_PATH":""},{"ID":"3000077","PARENT_ID":"3000024","NAME":"ГОРЯЧИЕ БЛЮДА ИЗ РЫБЫ","FLAG_DELETE":"0","IMAGE_PATH":""},{"ID":"3000078","PARENT_ID":"3000024","NAME":"ХОЛОДНЫЕ БЛЮДА","FLAG_DELETE":"0","IMAGE_PATH":""},{"ID":"3000079","PARENT_ID":"3000016","NAME":"4.ПОСТНОЕ","FLAG_DELETE":"0","IMAGE_PATH":""},{"ID":"3000080","PARENT_ID":"3000024","NAME":"ГОРЯЧИЕ БЛЮДА ИЗ МЯСА","FLAG_DELETE":"0","IMAGE_PATH":""},{"ID":"3000081","PARENT_ID":"3000024","NAME":"СЛАДКИЕ БЛЮДА","FLAG_DELETE":"0","IMAGE_PATH":""},{"ID":"3000082","PARENT_ID":"3000016","NAME":"1.ОСНОВНОЕ","FLAG_DELETE":"0","IMAGE_PATH":""}]}