{"DATA":[{"ID":"1000039","GROUPNAME":"Банкетное меню","FLAG_DELETE":"0","ORDERID":"1","TMC_GROUP_ID":"3000078","NAME":"Холодные блюда","NAME1000056":"Cold dishes","NAME1000090":"Kalte Gerichte","NAME1000091":"La Plats de froids","NAME1000071":"Холодні страви"},{"ID":"1000041","GROUPNAME":"Банкетное меню","FLAG_DELETE":"0","ORDERID":"2","TMC_GROUP_ID":"3000077","NAME":"Горячие блюда из рыбы","NAME1000056":"Fish dishes","NAME1000090":"Fischgerichte","NAME1000091":"Le Plats de poisson","NAME1000071":"Другі страви з риби"},{"ID":"1000040","GROUPNAME":"Банкетное меню","FLAG_DELETE":"0","ORDERID":"3","TMC_GROUP_ID":"3000080","NAME":"Горячие блюда из мяса ","NAME1000056":"Meat dishes","NAME1000090":"Fleischgerichte","NAME1000091":"Le Plats de viande","NAME1000071":"Другі страви зі м'яса"},{"ID":"1000011","GROUPNAME":"Винная карта","FLAG_DELETE":"0","ORDERID":"1","TMC_GROUP_ID":"3000007","NAME":"Шампанские  и  игристые  вина","NAME1000056":"Sparkling wine","NAME1000090":"Schaumweine","NAME1000091":"La Champagnes","NAME1000071":"Шампанські та ігристі вина"},{"ID":"1000006","GROUPNAME":"Винная карта","FLAG_DELETE":"0","ORDERID":"2","TMC_GROUP_ID":"3000002","NAME":"Вина белые и красные","NAME1000056":"Wines","NAME1000090":"Weine","NAME1000091":"La Vin","NAME1000071":"Вино"},{"ID":"1000005","GROUPNAME":"Винная карта","FLAG_DELETE":"0","ORDERID":"3","TMC_GROUP_ID":"3000001","NAME":"Аперитивы","NAME1000056":"Aperitifs","NAME1000090":"Aperitifs","NAME1000091":"La Aperitifs","NAME1000071":"Аперитиви"},{"ID":"1000008","GROUPNAME":"Винная карта","FLAG_DELETE":"0","ORDERID":"4","TMC_GROUP_ID":"3000004","NAME":"Коньяк","NAME1000056":"Cognac and Brandy","NAME1000090":"Kognak und Weinbrand","NAME1000091":"La Cognac et Brandy","NAME1000071":"Коньяк та Бренді"},{"ID":"1000010","GROUPNAME":"Винная карта","FLAG_DELETE":"0","ORDERID":"5","TMC_GROUP_ID":"3000006","NAME":"Виски, джин, ром, текила","NAME1000056":"Whiskey, Gin, Rum, Tequila","NAME1000090":"Scotch, Gin, Rum, Tequila","NAME1000091":"La Whisky, Gin, Rhum, Tequila","NAME1000071":"Віскі, джин, ром, текіла"},{"ID":"1000007","GROUPNAME":"Винная карта","FLAG_DELETE":"0","ORDERID":"6","TMC_GROUP_ID":"3000003","NAME":"Водка","NAME1000056":"Vodka","NAME1000090":"Schnaps","NAME1000091":"La Vodka","NAME1000071":"Горілка"},{"ID":"1000009","GROUPNAME":"Винная карта","FLAG_DELETE":"0","ORDERID":"7","TMC_GROUP_ID":"3000005","NAME":"Ликеры","NAME1000056":"Liqueurs","NAME1000090":"Liköre","NAME1000091":"La Liqueurs","NAME1000071":"Лікери"},{"ID":"1000012","GROUPNAME":"Винная карта","FLAG_DELETE":"0","ORDERID":"8","TMC_GROUP_ID":"3000008","NAME":"Пиво","NAME1000056":"Beer","NAME1000090":"Bier","NAME1000091":"La Bières","NAME1000071":"Пиво"},{"ID":"1000013","GROUPNAME":"Винная карта","FLAG_DELETE":"0","ORDERID":"9","TMC_GROUP_ID":"3000013","NAME":"Алкогольные коктейли","NAME1000056":"Alcoholic cocktails","NAME1000090":"Mixgetränk","NAME1000091":"La Cocktails alcoolisés","NAME1000071":"Алкогольні коктейлі"},{"ID":"1000036","GROUPNAME":"Детское меню","FLAG_DELETE":"0","ORDERID":"1","TMC_GROUP_ID":"3000076","NAME":"Бутерброды","NAME1000056":"Sandwiches","NAME1000090":"Belegtes Brötchen","NAME1000091":"La Tartines","NAME1000071":"Канапки"},{"ID":"1000035","GROUPNAME":"Детское меню","FLAG_DELETE":"0","ORDERID":"2","TMC_GROUP_ID":"3000074","NAME":"Холодные закуски и салаты","NAME1000056":"Cold appetizers and salads","NAME1000090":"Kalte Vorspeisen und Salate","NAME1000091":"La Apéritifs et Salades","NAME1000071":"Холодні закуски та салати"},{"ID":"1000034","GROUPNAME":"Детское меню","FLAG_DELETE":"0","ORDERID":"3","TMC_GROUP_ID":"3000073","NAME":"Горячие блюда","NAME1000056":"Hot dishes","NAME1000090":"Warme Vorspeisen","NAME1000091":"La Apéritifs chaud","NAME1000071":"Гарячі страви"},{"ID":"1000037","GROUPNAME":"Детское меню","FLAG_DELETE":"0","ORDERID":"4","TMC_GROUP_ID":"3000075","NAME":"Десерт","NAME1000056":"Dessert","NAME1000090":"Dessert","NAME1000091":"La Desserts","NAME1000071":"Десерт"},{"ID":"1000025","GROUPNAME":"Основное меню","FLAG_DELETE":"0","ORDERID":"1","TMC_GROUP_ID":"3000018","NAME":"Холодные закуски","NAME1000056":"Appetizers","NAME1000090":"Kalte Vorspeisen","NAME1000091":"La Apéritifs","NAME1000071":"Холодні закуски"},{"ID":"1000032","GROUPNAME":"Основное меню","FLAG_DELETE":"0","ORDERID":"2","TMC_GROUP_ID":"3000070","NAME":"Закуски к пиву","NAME1000056":"Appetizers to beer","NAME1000090":"Vorspeisen zum Bier","NAME1000091":"La Apéritifs à la bière","NAME1000071":"Закуски до пива"},{"ID":"1000015","GROUPNAME":"Основное меню","FLAG_DELETE":"0","ORDERID":"3","TMC_GROUP_ID":"3000017","NAME":"Салаты","NAME1000056":"Salads","NAME1000090":"Salat","NAME1000091":"La Salades","NAME1000071":"Салати"},{"ID":"1000026","GROUPNAME":"Основное меню","FLAG_DELETE":"0","ORDERID":"4","TMC_GROUP_ID":"3000019","NAME":"Горячие закуски","NAME1000056":"Hot appetizers","NAME1000090":"Warme Vorspeisen","NAME1000091":"La Apéritifs chaud","NAME1000071":"Горячi закуски"},{"ID":"1000016","GROUPNAME":"Основное меню","FLAG_DELETE":"0","ORDERID":"5","TMC_GROUP_ID":"3000020","NAME":"Первые блюда","NAME1000056":"First meal","NAME1000090":"Erster Gang","NAME1000091":"La Soupes","NAME1000071":"Перші страви"},{"ID":"1000023","GROUPNAME":"Основное меню","FLAG_DELETE":"0","ORDERID":"6","TMC_GROUP_ID":"3000021","NAME":"Вторые блюда из рыбы","NAME1000056":"Fish dishes","NAME1000090":"Fischgerichte","NAME1000091":"Le Plats de poisson","NAME1000071":"Другі страви з риби"},{"ID":"1000024","GROUPNAME":"Основное меню","FLAG_DELETE":"0","ORDERID":"7","TMC_GROUP_ID":"3000022","NAME":"Вторые блюда из мяса","NAME1000056":"Meat dishes","NAME1000090":"Fleischgerichte","NAME1000091":"Le Plats de viande","NAME1000071":"Другі страви зі м'яса"},{"ID":"1000017","GROUPNAME":"Основное меню","FLAG_DELETE":"0","ORDERID":"8","TMC_GROUP_ID":"3000023","NAME":"Гарниры","NAME1000056":"Garnish","NAME1000090":"Garnierung","NAME1000091":"Des Garnir","NAME1000071":"Гарніри"},{"ID":"1000022","GROUPNAME":"Основное меню","FLAG_DELETE":"0","ORDERID":"9","TMC_GROUP_ID":"3000028","NAME":"Пасты","NAME1000056":"Pasta","NAME1000090":"Makkaroni","NAME1000091":"La Pâtes","NAME1000071":"Макарони"},{"ID":"1000019","GROUPNAME":"Основное меню","FLAG_DELETE":"0","ORDERID":"10","TMC_GROUP_ID":"3000025","NAME":"Соусы","NAME1000056":"Sauce","NAME1000090":"Soße","NAME1000091":"La Sauces","NAME1000071":"Соуси"},{"ID":"1000020","GROUPNAME":"Основное меню","FLAG_DELETE":"0","ORDERID":"11","TMC_GROUP_ID":"3000026","NAME":"Блины и сырники","NAME1000056":"Slapjack and cheesecakes","NAME1000090":"Pfannkuchen und Käsekuchen","NAME1000091":"La Crêpes et Gâteaux au fromage","NAME1000071":"Млинці та сирники"},{"ID":"1000003","GROUPNAME":"Основное меню","FLAG_DELETE":"0","ORDERID":"14","TMC_GROUP_ID":"3000012","NAME":"Сладкие блюда, выпечка","NAME1000056":"Desserts and pastries","NAME1000090":"Gebäck","NAME1000091":"La Desserts et Pâtisseries","NAME1000071":"Солодкі страви, випічка"},{"ID":"1000001","GROUPNAME":"Основное меню","FLAG_DELETE":"0","ORDERID":"15","TMC_GROUP_ID":"3000010","NAME":"Горячие напитки","NAME1000056":"Tea and Coffee","NAME1000090":"Heiße Getränke","NAME1000091":"La Thé et Café","NAME1000071":"Гарячі напої"},{"ID":"1000002","GROUPNAME":"Основное меню","FLAG_DELETE":"0","ORDERID":"16","TMC_GROUP_ID":"3000011","NAME":"Напитки и соки","NAME1000056":"Freshes and Juices","NAME1000090":"Frischen und Saft","NAME1000091":"La Jus","NAME1000071":"Напої та соки"},{"ID":"1000014","GROUPNAME":"Основное меню","FLAG_DELETE":"0","ORDERID":"17","TMC_GROUP_ID":"3000014","NAME":"Безалкогольные коктейли","NAME1000056":"Non-alcoholic cocktails","NAME1000090":"Alkoholfreie Cocktails","NAME1000091":"La Cocktails non alcooliques","NAME1000071":"Безалкогольні коктейлі"},{"ID":"1000028","GROUPNAME":"Служебное","FLAG_DELETE":"0","ORDERID":"2","TMC_GROUP_ID":"3000055","NAME":"Нержавейка","NAME1000056":"Metal tableware","NAME1000090":"Metallgeschirr","NAME1000091":"Metal tableware","NAME1000071":"Нержавійка"},{"ID":"1000029","GROUPNAME":"Служебное","FLAG_DELETE":"0","ORDERID":"3","TMC_GROUP_ID":"3000056","NAME":"Стекло","NAME1000056":"Glassware","NAME1000090":"Glasgeschirr","NAME1000091":"Glassware","NAME1000071":"Скляний посуд"},{"ID":"1000030","GROUPNAME":"Служебное","FLAG_DELETE":"0","ORDERID":"4","TMC_GROUP_ID":"3000057","NAME":"ФАРФОР","NAME1000056":"Chinaware","NAME1000090":"Porzellangeschirr","NAME1000091":"Chinaware","NAME1000071":"Порцеляновий посуд"},{"ID":"1000031","GROUPNAME":"Служебное","FLAG_DELETE":"0","ORDERID":"5","TMC_GROUP_ID":"3000058","NAME":"РАЗНОЕ","NAME1000056":"Etc","NAME1000090":"Mehrerlei","NAME1000091":"Etc","NAME1000071":"Інше"}]}